Nombre,SOA233
Apellido,11_45
Edad,21
Sexo,Femenino
Antecendente neurologico?,No
Toma alguna medicacion?,No
Trabaja?,Si
Horas de sueño la noche anterior?,5
Dibujar,Alta preferencia de mano derecha
Arrojar un objeto,Alta preferencia de mano derecha
Escribir,Alta preferencia de mano derecha
Usar tijeras,Alta preferencia de mano derecha
Usa un cepillo de diente,Alta preferencia de mano derecha
Usar una cuchara,Alta preferencia de mano derecha
Usar una escoba (La mano que va arriba),Alta preferencia de mano derecha
Encender un fósforo,Alta preferencia de mano derecha
Abrir una caja (La mano que abre la caja),Alta preferencia de mano derecha
SYSTEM
System,Windows
Node,u-76627f80a4294
Release,XP
Version,5.1.2600
Machine,x86
Processor,"x86 Family 18 Model 1 Stepping 0, AuthenticAMD"
Screen Width,1280
Screen Height,720
""
Estimulos
Imagenes
ETAPA DE TEST
Num Trial,"Calidad respuesta (1:correcto, 0:error)",Tiempo Resp,Prime,Target,Categoria,Tecla presionada (vacio si no se presiono),Tecla para responder afirmativamente,Tiempo de aparicion del prime
-9,1,1.7403136432144493,mapache,violin,sro,lctrl,rctrl,0.033304791530781586
-8,1,0.8220153678748829,buho,carro,sro,lctrl,rctrl,0.03335340106082185
-7,1,0.4710330502900888,carro,buho,sra,rctrl,rctrl,0.033497553460165364
-6,1,0.4345974139171176,violin,mapache,sra,rctrl,rctrl,0.03327545819365696
-5,1,0.48578073470230265,hilo,pavo,sra,rctrl,rctrl,0.0333782645559495
-4,1,0.41612774807958886,hilo,serpiente,sra,rctrl,rctrl,0.033418213767390625
-3,1,0.5400225447649518,violin,mapache,sra,rctrl,rctrl,0.03335647407698161
-2,1,0.4058029721652474,carro,buho,sra,rctrl,rctrl,0.03341402329056109
-1,1,0.5601597409727219,serpiente,hilo,sro,lctrl,rctrl,0.03340648043240435
0,1,0.5832313883468032,pavo,rueda,sro,lctrl,rctrl,0.03338468995366384
1,1,0.4568021913398752,pincel,pato,nr,rctrl,rctrl,0.0333877629698236
2,1,0.4345124869223582,taza,cabra,nr,rctrl,rctrl,0.0333665312211906
3,1,0.4870205570819053,ardilla,vaso,nr,lctrl,rctrl,0.03337435344451478
4,1,0.539939293960515,bota,zapato,sro,lctrl,rctrl,0.0333760296350647
5,1,0.515473894028446,escarabajo,leon,wra,rctrl,rctrl,0.0333922328115932
6,1,0.572081647248524,conejo,clavo,nr,lctrl,rctrl,0.033339432804950775
7,1,0.4694339643726835,pinguino,clavo,nr,lctrl,rctrl,0.033396982018757626
8,1,0.4911244306190383,silla,mesa,sro,lctrl,rctrl,0.03341793440222318
9,1,0.4423073323564495,perro,gato,sra,rctrl,rctrl,0.03322964231483638
10,1,0.5461979106282797,cuchillo,tenedor,sro,lctrl,rctrl,0.03341262646517862
11,1,0.4666428275099861,peine,tornillo,wro,lctrl,rctrl,0.03336848677690796
12,1,0.7112409538083284,rinoceronte,tenedor,nr,lctrl,rctrl,0.03339949630480987
13,1,0.42550966673138646,zorrino,zorro,sra,rctrl,rctrl,0.03340396614657948
14,1,0.5823349056931875,cuchara,cigarrillo,wro,lctrl,rctrl,0.03336094391875122
15,1,0.4565636135318982,arana,caballo,wra,rctrl,rctrl,0.03323075977550616
16,1,0.5950585898488043,sombrero,tenedor,wro,lctrl,rctrl,0.033394188367537936
17,1,0.7606332648422267,gallo,cigarrillo,nr,lctrl,rctrl,0.03337854392111694
18,1,0.377484847934511,jirafa,cebra,sra,rctrl,rctrl,0.03340312805130452
19,1,0.5055164832401715,cocodrilo,cigarrillo,nr,lctrl,rctrl,0.033397820114032584
20,1,0.6060211563201392,cama,mono,nr,rctrl,rctrl,0.03321092485225563
21,1,0.6252618698745209,mariposa,vaso,nr,lctrl,rctrl,0.03332127407270491
22,1,0.46636765287212256,tuerca,gato,nr,rctrl,rctrl,0.033370162967685246
23,1,0.5772887336238455,tijera,leon,nr,rctrl,rctrl,0.03335535661653921
24,1,0.5983182220086292,hacha,vaso,wro,lctrl,rctrl,0.033309540737718635
25,1,0.6537487306347884,ciervo,tenedor,nr,lctrl,rctrl,0.03338692487454864
26,1,0.48537342036502196,candado,cebra,nr,rctrl,rctrl,0.03339530582798034
27,1,0.4936809007847387,camello,zapato,nr,lctrl,rctrl,0.03339195344665313
28,1,0.6304843213313234,sobre,gato,nr,rctrl,rctrl,0.033369324872182915
29,1,0.47481118410291856,lapiz,zorro,nr,rctrl,rctrl,0.03343581376952898
30,1,0.4716515646541666,botella,vaso,sro,lctrl,rctrl,0.03337575026989725
31,1,0.3996141967763833,regla,clavo,wro,lctrl,rctrl,0.03337770582561461
32,1,0.4232412219989783,burro,caballo,sra,rctrl,rctrl,0.03340312805107715
33,1,0.3660526687051515,gorila,mono,sra,rctrl,rctrl,0.03335200423521201
34,1,0.3887711985742044,tigre,leon,sra,rctrl,rctrl,0.033436372499863865
35,0,0.4630471191169363,serrucho,caballo,nr,lctrl,rctrl,0.03335256296531952
36,1,0.46374692872973355,media,olla,wro,lctrl,rctrl,0.03341458202089598
37,0,0.4121096396329449,chancho,tornillo,nr,rctrl,rctrl,0.03330870264244368
38,1,0.6324071914166325,bowl,caballo,nr,rctrl,rctrl,0.03337435344451478
39,1,0.4813731912856838,tortuga,tornillo,nr,lctrl,rctrl,0.0333793820163919
40,1,0.4714752852667061,pipa,cigarrillo,sro,lctrl,rctrl,0.033388880430266
41,1,0.6856706648470663,sarten,olla,sro,lctrl,rctrl,0.03320338199409889
42,1,0.4531581527819526,pinza,mesa,wro,lctrl,rctrl,0.03336485503041331
43,1,0.34759529493271657,mosca,zorro,wra,rctrl,rctrl,0.03337742646067454
44,1,0.3867592110168516,oso,olla,nr,lctrl,rctrl,0.03337155979306772
45,1,0.3880579794363257,escritorio,leon,nr,rctrl,rctrl,0.03340703916273924
46,1,0.40696736596419214,cisne,pato,sra,rctrl,rctrl,0.03340089313041972
47,1,0.43639708398723087,elefante,mesa,nr,lctrl,rctrl,0.03337686773011228
48,1,0.5050370927033327,martillo,clavo,sro,lctrl,rctrl,0.033363178839863394
49,1,0.34920806974059815,sapo,cebra,wra,rctrl,rctrl,0.033347534393669775
50,1,0.4934727737745561,llave,zapato,wro,lctrl,rctrl,0.033398937574474985
51,1,0.4564233722444442,canguro,mesa,nr,lctrl,rctrl,0.03341262646517862
52,1,0.4811466261771784,ventana,cebra,nr,rctrl,rctrl,0.033377985190782056
53,1,0.41813610388999223,avestruz,zapato,nr,lctrl,rctrl,0.033369324872182915
54,1,0.7764528732000144,pava,zorro,nr,rctrl,rctrl,0.033410670909233886
55,1,0.645745478824665,copa,pato,nr,rctrl,rctrl,0.03334921058376494
56,1,0.6772212669484361,jarra,cabra,nr,rctrl,rctrl,0.03338860106532593
57,1,0.8801018006479353,abeja,gato,wra,rctrl,rctrl,0.03335032804443472
58,1,0.5075745660415123,oveja,cabra,sra,rctrl,rctrl,0.033359547092914
59,1,0.4803895467161965,hormiga,pato,wra,rctrl,rctrl,0.03335507725159914
60,1,0.4373499983939837,gallina,olla,nr,lctrl,rctrl,0.03339251217676065
61,1,0.4937012944383241,puerta,mono,nr,rctrl,rctrl,0.03337966138133197
62,1,0.40167339703793914,aguila,mono,wra,rctrl,rctrl,0.03337854392111694
63,1,0.3356345569059158,raton,cabra,wra,rctrl,rctrl,0.03335004867949465
64,1,0.40370605761336265,destornillador,tornillo,sro,lctrl,rctrl,0.03341067090968863
65,1,0.4878254079776525,llave,zapato,wro,lctrl,rctrl,0.03336848677690796
66,1,0.3717651265733366,raton,cabra,wra,rctrl,rctrl,0.03338189630267152
67,1,0.4767787526070606,regla,clavo,wro,lctrl,rctrl,0.03340983281395893
68,0,0.45602779124146764,taza,cabra,nr,lctrl,rctrl,0.03338776297005097
69,1,0.48995556697855136,tijera,leon,nr,rctrl,rctrl,0.03339670265359018
70,1,0.4372768047333011,perro,gato,sra,rctrl,rctrl,0.03337686773011228
71,1,0.5304313816423019,cuchillo,tenedor,sro,lctrl,rctrl,0.03335032804443472
72,1,0.37514153335132505,destornillador,tornillo,sro,lctrl,rctrl,0.03338273439749173
73,1,0.44656234242029313,peine,tornillo,wro,lctrl,rctrl,0.03337519154001711
74,1,0.47115485348012953,jarra,cabra,nr,rctrl,rctrl,0.03340284868636445
75,0,0.3294527656448736,avestruz,zapato,nr,rctrl,rctrl,0.033390277255875844
76,1,0.5003655492528196,cisne,pato,sra,rctrl,rctrl,0.033377426460901916
77,1,0.7628176206753778,zorrino,zorro,sra,rctrl,rctrl,0.03335032804443472
78,1,0.4642788399087294,camello,zapato,nr,lctrl,rctrl,0.033407039163193986
79,1,0.45220523837542714,gorila,mono,sra,rctrl,rctrl,0.033377705825841986
80,1,0.42990854982963356,tuerca,gato,nr,rctrl,rctrl,0.03339083598621073
81,1,0.43478319171845214,candado,cebra,nr,rctrl,rctrl,0.0333654137607482
82,1,0.7920090402549249,pava,zorro,nr,rctrl,rctrl,0.03338608677904631
83,1,0.36692149421241993,puerta,mono,nr,rctrl,rctrl,0.03337519154001711
84,1,0.37457945074038435,oveja,cabra,sra,rctrl,rctrl,0.03335870899763904
85,1,0.4795738005809653,cocodrilo,cigarrillo,nr,lctrl,rctrl,0.033368766142302775
86,1,0.3575426485767821,sobre,gato,nr,rctrl,rctrl,0.03340201059108949
87,1,0.38124649920609954,arana,caballo,wra,rctrl,rctrl,0.033372397888342675
88,1,0.42324625057062804,silla,mesa,sro,lctrl,rctrl,0.03338217566761159
89,1,0.4379520302159108,hacha,vaso,wro,lctrl,rctrl,0.03338608677904631
90,1,0.4612996903238127,sarten,olla,sro,lctrl,rctrl,0.033393070907095534
91,1,0.3893466907106813,serrucho,caballo,nr,rctrl,rctrl,0.033363178839863394
92,1,0.4981124696014376,chancho,tornillo,nr,lctrl,rctrl,0.03332965502568186
93,1,0.60174714942832,gallo,cigarrillo,nr,lctrl,rctrl,0.033365693126143015
94,1,1.1266297811594086,cama,mono,nr,rctrl,rctrl,0.03340396614657948
95,1,0.7643910050019258,conejo,clavo,nr,lctrl,rctrl,0.03336289947446858
96,1,0.6039446354216125,tigre,leon,sra,rctrl,rctrl,0.033366531220963225
97,1,0.5303738324287224,aguila,mono,wra,rctrl,rctrl,0.033353959790929366
98,1,0.5771498891622286,abeja,gato,wra,rctrl,rctrl,0.03337435344428741
99,1,1.322518644129559,hormiga,pato,wra,rctrl,rctrl,0.03335787090281883
100,1,0.40639690239959236,burro,caballo,sra,rctrl,rctrl,0.03326931216133744
101,1,0.41634369731355036,escritorio,leon,nr,rctrl,rctrl,0.033359267728428676
102,1,0.35300631784230063,escarabajo,leon,wra,rctrl,rctrl,0.033402010590634745
103,1,0.5206723200853958,sapo,cebra,wra,rctrl,rctrl,0.03334613756760518
104,1,0.5070351120048144,oso,olla,nr,lctrl,rctrl,0.03326595977978286
105,1,0.511021931558389,lapiz,zorro,nr,rctrl,rctrl,0.033574937596767995
106,1,0.7323084358486085,sombrero,tenedor,wro,lctrl,rctrl,0.033407877258014196
107,1,0.5201881803413926,pipa,cigarrillo,sro,lctrl,rctrl,0.03335340106059448
108,1,0.5635716271199271,bowl,caballo,nr,rctrl,rctrl,0.03340089313041972
109,1,0.5530029654605642,ciervo,tenedor,nr,lctrl,rctrl,0.03335926772797393
110,1,1.0911917576117958,copa,pato,nr,rctrl,rctrl,0.03338915979566082
111,1,0.5068275437242846,tortuga,tornillo,nr,lctrl,rctrl,0.033386645509381196
112,1,1.1427443990787651,mosca,zorro,wra,rctrl,rctrl,0.03329613121240982
113,1,0.5247088666296804,media,olla,wro,lctrl,rctrl,0.03338022011166686
114,1,1.095388380366785,botella,vaso,sro,lctrl,rctrl,0.03339474709764545
115,1,0.4251353174772703,bota,zapato,sro,lctrl,rctrl,0.033395864558315225
116,1,0.43102489282864553,pinza,mesa,wro,lctrl,rctrl,0.03337155979306772
117,1,0.4770514129586445,jirafa,cebra,sra,rctrl,rctrl,0.03340312805130452
118,1,0.46736386887141634,canguro,mesa,nr,lctrl,rctrl,0.033360385188643704
119,1,0.4489347109756636,gallina,olla,nr,lctrl,rctrl,0.033381616937276704
120,1,0.4779037559246717,martillo,clavo,sro,lctrl,rctrl,0.03340927408407879
121,1,0.47656028908704684,cuchara,cigarrillo,wro,lctrl,rctrl,0.03330227724472934
122,1,0.5490446411486118,rinoceronte,tenedor,nr,lctrl,rctrl,0.03337379471440727
123,1,0.4726452663676355,elefante,mesa,nr,lctrl,rctrl,0.03351962330407332
124,1,0.8686746499902256,pinguino,clavo,nr,lctrl,rctrl,0.03337966138133197
125,1,0.4008825143978356,mariposa,vaso,nr,lctrl,rctrl,0.033360105823703634
126,1,0.4446897580555742,ventana,cebra,nr,rctrl,rctrl,0.03337435344428741
127,1,0.5831928359607446,pincel,pato,nr,rctrl,rctrl,0.033398937574474985
128,1,0.4512453398406251,ardilla,vaso,nr,lctrl,rctrl,0.03346961694842321
129,1,0.5012737652409669,oso,olla,nr,lctrl,rctrl,0.033367648681633
130,1,0.5300927911230247,sobre,gato,nr,rctrl,rctrl,0.03337882328651176
131,1,0.5086115693475222,puerta,mono,nr,rctrl,rctrl,0.033411229639568774
132,0,0.43827525565393444,llave,zapato,wro,rctrl,rctrl,0.033375470904502436
133,1,0.47665303830535777,tuerca,gato,nr,rctrl,rctrl,0.03340815662340901
134,1,0.4828278454383508,serrucho,caballo,nr,rctrl,rctrl,0.0333793820163919
135,1,0.5929957578409812,avestruz,zapato,nr,lctrl,rctrl,0.03336262010952851
136,1,0.546033643940973,ardilla,vaso,nr,lctrl,rctrl,0.03338161693773145
137,1,0.46405367162606126,canguro,mesa,nr,lctrl,rctrl,0.03341206773484373
138,1,1.7203851327476514,cama,mono,nr,rctrl,rctrl,0.03339390900237049
139,1,0.5004122032269152,arana,caballo,wra,rctrl,rctrl,0.033290823275365256
140,1,1.0776048352513499,escarabajo,leon,wra,rctrl,rctrl,0.03354728045042066
141,1,0.5088864646204456,ventana,cebra,nr,rctrl,rctrl,0.03337016296745787
142,1,1.0368571983312904,tortuga,tornillo,nr,lctrl,rctrl,0.03339530582752559
143,1,0.74377022778026,media,olla,wro,lctrl,rctrl,0.0334087153537439
144,1,0.5070233786696008,jirafa,cebra,sra,rctrl,rctrl,0.033363178839863394
145,1,0.6613698109676989,cisne,pato,sra,rctrl,rctrl,0.03337994074672679
146,1,0.9827385882840645,ciervo,tenedor,nr,lctrl,rctrl,0.03339782011425996
147,1,0.6180003324443533,hormiga,pato,wra,rctrl,rctrl,0.0334724105996429
148,1,0.5705068660959114,tijera,leon,nr,rctrl,rctrl,0.033372118523402605
149,1,0.7212165233290762,oveja,cabra,sra,rctrl,rctrl,0.03340983281395893
150,1,0.9425770593747984,abeja,gato,wra,rctrl,rctrl,0.03339251217676065
151,1,0.4779934321259134,rinoceronte,tenedor,nr,lctrl,rctrl,0.03335200423543938
152,1,1.2400631923887886,mariposa,vaso,nr,lctrl,rctrl,0.03339418836776531
153,1,0.5194364088174552,destornillador,tornillo,sro,lctrl,rctrl,0.03338273439749173
154,1,0.7603742933811191,conejo,clavo,nr,lctrl,rctrl,0.03337379471395252
155,1,0.6915577259123893,bota,zapato,sro,lctrl,rctrl,0.033381337571881886
156,1,0.7318301627719848,botella,vaso,sro,lctrl,rctrl,0.033404524876914365
157,1,0.477303120927445,regla,clavo,wro,lctrl,rctrl,0.03338245503300641
158,1,0.45300254641279025,chancho,tornillo,nr,lctrl,rctrl,0.03336038518818896
159,1,0.45845575345447287,mosca,zorro,wra,rctrl,rctrl,0.033357870902364084
160,1,0.528467165519487,gallina,olla,nr,lctrl,rctrl,0.03337100106273283
161,1,0.4587694804786224,raton,cabra,wra,rctrl,rctrl,0.033388880430266
162,1,0.402202793930428,zorrino,zorro,sra,rctrl,rctrl,0.03335284233071434
163,1,0.46620394491492334,tigre,leon,sra,rctrl,rctrl,0.03340033440008483
164,1,0.5136767382446124,pipa,cigarrillo,sro,lctrl,rctrl,0.03334334391684024
165,1,0.5277243336790889,silla,mesa,sro,lctrl,rctrl,0.033479394727692124
166,0,0.8677024593907845,copa,pato,nr,lctrl,rctrl,0.03337882328605701
167,1,0.5315440928943644,candado,cebra,nr,rctrl,rctrl,0.033375750270352
168,1,0.4637446938086214,sarten,olla,sro,lctrl,rctrl,0.03336708995129811
169,0,0.44701994247861876,camello,zapato,nr,rctrl,rctrl,0.03338804233499104
170,1,0.4465120567001577,aguila,mono,wra,rctrl,rctrl,0.03335340106059448
171,1,0.5143346430900237,perro,gato,sra,rctrl,rctrl,0.03340983281395893
172,1,0.47417395227603265,pinza,mesa,wro,lctrl,rctrl,0.03334753439321503
173,1,0.6560738864859559,escritorio,leon,nr,rctrl,rctrl,0.03340368678118466
174,1,0.39757594889852044,peine,tornillo,wro,lctrl,rctrl,0.033372397888342675
175,1,0.508643416970699,gallo,cigarrillo,nr,lctrl,rctrl,0.03335619471181417
176,1,0.4857175981860564,cuchillo,tenedor,sro,lctrl,rctrl,0.03342100741838294
177,1,1.5977796060669789,jarra,cabra,nr,rctrl,rctrl,0.03336457566501849
178,1,0.5125408396875173,cuchara,cigarrillo,wro,lctrl,rctrl,0.033363458204803464
179,1,0.51587170995208,lapiz,zorro,nr,rctrl,rctrl,0.03337882328605701
180,1,0.43858982077335895,sombrero,tenedor,wro,lctrl,rctrl,0.033351166139709676
181,1,0.559818356802225,pava,zorro,nr,rctrl,rctrl,0.03340620106746428
182,1,0.4478965902094387,bowl,caballo,nr,rctrl,rctrl,0.03335898836303386
183,1,0.5128696524279803,pincel,pato,nr,rctrl,rctrl,0.03337351534901245
184,1,0.5322070263118803,martillo,clavo,sro,lctrl,rctrl,0.03340536297218932
185,1,0.3859540807557096,sapo,cebra,wra,rctrl,rctrl,0.033404524876914365
186,1,0.5735902188685031,elefante,mesa,nr,lctrl,rctrl,0.03338692487432127
187,1,0.6818025754673727,gorila,mono,sra,rctrl,rctrl,0.033352283599924704
188,1,0.7917246465681274,burro,caballo,sra,rctrl,rctrl,0.03340675979779917
189,1,1.154769949812362,pinguino,clavo,nr,lctrl,rctrl,0.0333793820163919
190,1,0.5521087177280606,hacha,vaso,wro,lctrl,rctrl,0.033369045507242845
191,1,0.6412991036572748,cocodrilo,cigarrillo,nr,lctrl,rctrl,0.03340256932096963
192,1,0.5994189205612201,taza,cabra,nr,rctrl,rctrl,0.033377426460901916
193,1,0.5019084827822553,gallo,cigarrillo,nr,lctrl,rctrl,0.03335870899763904
194,1,0.49836725058639786,conejo,clavo,nr,lctrl,rctrl,0.03340703916273924
195,1,0.3874201888788775,rinoceronte,tenedor,nr,lctrl,rctrl,0.03337910265099708
196,1,0.3922814212423873,bota,zapato,sro,lctrl,rctrl,0.033401451860754605
197,1,0.3881923540561729,pava,zorro,nr,rctrl,rctrl,0.03341178836990366
198,1,0.3947741961619613,pipa,cigarrillo,sro,lctrl,rctrl,0.033401731225694675
199,1,0.4379693508535638,jarra,cabra,nr,rctrl,rctrl,0.03338049947660693
200,1,0.40751045174738465,gorila,mono,sra,rctrl,rctrl,0.0333992169398698
201,1,0.4349703663456239,arana,caballo,wra,rctrl,rctrl,0.03337323598361763
202,1,0.4035029591750572,taza,cabra,nr,rctrl,rctrl,0.0333288169304069
203,1,0.538030671496017,botella,vaso,sro,lctrl,rctrl,0.03339782011425996
204,1,0.5479959045073883,bowl,caballo,nr,rctrl,rctrl,0.033377705825841986
205,1,0.39902501574943017,cisne,pato,sra,rctrl,rctrl,0.033374912174622295
206,1,0.46848356425152815,perro,gato,sra,rctrl,rctrl,0.03343804869064115
207,1,0.4303130705161493,pinguino,clavo,nr,lctrl,rctrl,0.033384131223556324
208,1,0.4658997163046479,media,olla,wro,lctrl,rctrl,0.033383572493221436
209,1,0.48809359848792155,abeja,gato,wra,rctrl,rctrl,0.03336401693513835
210,1,0.36279722702192885,burro,caballo,sra,rctrl,rctrl,0.03348470266473669
211,1,0.43170067704113535,cama,mono,nr,rctrl,rctrl,0.03338273439749173
212,1,0.5210134248909526,hacha,vaso,wro,lctrl,rctrl,0.033357312172483944
213,1,0.349943638088007,destornillador,tornillo,sro,lctrl,rctrl,0.033335801058910874
214,1,0.45110621601361345,canguro,mesa,nr,lctrl,rctrl,0.033366251856023155
215,1,0.47348671409326926,serrucho,caballo,nr,rctrl,rctrl,0.033411229639114026
216,1,0.6685187642565324,elefante,mesa,nr,lctrl,rctrl,0.03340089312996497
217,1,0.39730775838870613,zorrino,zorro,sra,rctrl,rctrl,0.033396143923255295
218,1,0.6030450797516096,puerta,mono,nr,rctrl,rctrl,0.03351319790635898
219,1,0.4023413590275595,aguila,mono,wra,rctrl,rctrl,0.0333793820163919
220,1,0.40146499066213437,raton,cabra,wra,rctrl,rctrl,0.03335982645830882
221,1,0.4764421176432734,martillo,clavo,sro,lctrl,rctrl,0.033396423288195365
222,1,0.6009339175789137,oveja,cabra,sra,rctrl,rctrl,0.03339530582798034
223,1,0.43575677914395783,tortuga,tornillo,nr,lctrl,rctrl,0.03336653122141797
224,1,0.486484455426762,jirafa,cebra,sra,rctrl,rctrl,0.033401451860754605
225,1,0.4011618795125287,mosca,zorro,wra,rctrl,rctrl,0.033359547092914
226,1,0.3751630444648981,sapo,cebra,wra,rctrl,rctrl,0.033353680425989296
227,1,0.37383354588382645,candado,cebra,nr,rctrl,rctrl,0.03337686773056703
228,1,0.7007510731114053,copa,pato,nr,rctrl,rctrl,0.03337323598361763
229,1,0.4471383932873323,gallina,olla,nr,lctrl,rctrl,0.03339139471654562
230,1,0.4119400650083662,peine,tornillo,wro,lctrl,rctrl,0.033366251856023155
231,1,0.5150707701677675,cocodrilo,cigarrillo,nr,lctrl,rctrl,0.03337351534901245
232,1,0.43086537534827585,hormiga,pato,wra,rctrl,rctrl,0.03334194709077565
233,1,0.7696193231263351,ciervo,tenedor,nr,lctrl,rctrl,0.03340703916273924
234,1,0.46560777975992096,sombrero,tenedor,wro,lctrl,rctrl,0.03340675979779917
235,1,0.45345567662934627,tijera,leon,nr,rctrl,rctrl,0.033369324872182915
236,1,0.4964063868451376,ventana,cebra,nr,rctrl,rctrl,0.03335144550510449
237,1,0.9155694368978402,avestruz,zapato,nr,lctrl,rctrl,0.03337630900023214
238,1,0.5241386824304755,escritorio,leon,nr,rctrl,rctrl,0.033375191539562366
239,1,0.42116106935372954,pincel,pato,nr,rctrl,rctrl,0.03340815662340901
240,1,0.6010509715620174,pinza,mesa,wro,lctrl,rctrl,0.03337575026989725
241,1,0.4132927508944704,tuerca,gato,nr,rctrl,rctrl,0.03338580741410624
242,1,0.42913861957322297,tigre,leon,sra,rctrl,rctrl,0.03342463916487759
243,1,0.46699007834786244,llave,zapato,wro,lctrl,rctrl,0.03337379471395252
244,1,0.570094802551921,sobre,gato,nr,rctrl,rctrl,0.03334641693254525
245,1,0.6836240360157717,camello,zapato,nr,lctrl,rctrl,0.033377426460901916
246,1,0.517061246610865,oso,olla,nr,lctrl,rctrl,0.03333580105845613
247,1,0.5101578552585124,lapiz,zorro,nr,rctrl,rctrl,0.03339139471609087
248,1,0.401882082778684,silla,mesa,sro,lctrl,rctrl,0.03343357884887155
249,1,0.5616560205276073,cuchillo,tenedor,sro,lctrl,rctrl,0.033389997890935774
250,1,0.44013443049334455,ardilla,vaso,nr,lctrl,rctrl,0.03338329312782662
251,1,0.4701413168431827,chancho,tornillo,nr,lctrl,rctrl,0.03337295661867756
252,1,0.3753317809946566,sarten,olla,sro,lctrl,rctrl,0.03336848677690796
253,1,0.4446073453468671,mariposa,vaso,nr,lctrl,rctrl,0.03339949630480987
254,1,1.086992061840192,regla,clavo,wro,lctrl,rctrl,0.033413743925393646
255,1,0.6504159048145084,escarabajo,leon,wra,rctrl,rctrl,0.03336345820525821
256,1,0.5937528373019632,cuchara,cigarrillo,wro,lctrl,rctrl,0.03337323598361763

LIKERT preobjetiva,4

ETAPA DE VISIBILIDAD
Num Trial,"Calidad respuesta (1:correcto, 0:error)",Tiempo Resp,Prime,Target,Categoria,Tecla presionada (vacio si no se presiono),Tecla para responder afirmativamente,Tiempo de aparicion del prime
-19,1,0.5786545496707731,violin,mapache,sra,rctrl,rctrl,0.10017278732357227
-18,1,1.236986544379306,pavo,rueda,sro,lctrl,rctrl,0.10017613970512684
-17,0,0,serpiente,hilo,sro,,rctrl,0.10020100320025449
-16,0,0,pavo,rueda,sro,,rctrl,0.10017893335634653
-15,1,0.5735687077549301,violin,mapache,sra,rctrl,rctrl,0.10017390478424204
-14,0,0.8504592064073222,mapache,violin,sro,rctrl,rctrl,0.100153511130884
-13,0,0.7047635942558372,hilo,serpiente,sra,lctrl,rctrl,0.10017306668851234
-12,0,0.7025490669907413,hilo,pavo,sra,lctrl,rctrl,0.10011914922188225
-11,0,0.9278598257601516,violin,mapache,sra,lctrl,rctrl,0.1001440127170099
-10,0,0.6395754208988365,hilo,pavo,sra,lctrl,rctrl,0.10015518732143391
-9,0,1.0821914517068763,violin,mapache,sra,lctrl,rctrl,0.033384689953436464
-8,1,1.1918995291298415,serpiente,hilo,sro,lctrl,rctrl,0.03339949630480987
-7,0,0,mapache,violin,sro,,rctrl,0.033413743925848394
-6,0,0.864501773270149,hilo,pavo,sra,lctrl,rctrl,0.03338524868377135
-5,0,1.3609022934479071,hilo,serpiente,sra,lctrl,rctrl,0.033309820102658705
-4,0,0,hilo,serpiente,sra,,rctrl,0.03338049947660693
-3,0,0.8335201820345901,hilo,pavo,sra,lctrl,rctrl,0.03340256932096963
-2,0,0.8535570861663473,pavo,rueda,sro,rctrl,rctrl,0.03335535661653921
-1,0,1.1569263691335436,buho,carro,sro,rctrl,rctrl,0.03340955344856411
0,1,0.9929546911689613,buho,carro,sro,lctrl,rctrl,0.033384410588496394
1,0,1.0537702417486798,zorrino,zorro,sra,lctrl,rctrl,0.03339083598621073
2,0,1.2287301877754544,cisne,pato,sra,lctrl,rctrl,0.03336792804657307
3,0,0.8938521516001856,silla,mesa,sro,rctrl,rctrl,0.03339782011380521
4,1,0.6586314741120987,hormiga,pato,wra,rctrl,rctrl,0.033518226478463475
5,0,1.2093729789680765,tijera,leon,nr,lctrl,rctrl,0.03336150264885873
6,0,1.0889571160582818,llave,zapato,wro,rctrl,rctrl,0.033401731225694675
7,1,1.1689343198650022,peine,tornillo,wro,lctrl,rctrl,0.033384410588496394
8,1,0.641073097278877,tigre,leon,sra,rctrl,rctrl,0.03337966138178672
9,0,0.9445521707366424,sapo,cebra,wra,lctrl,rctrl,0.03338860106532593
10,0,0.9188243198509554,pinza,mesa,wro,rctrl,rctrl,0.03340117249535979
11,1,0.7884722779012918,conejo,clavo,nr,lctrl,rctrl,0.0333771470955071
12,1,0.5784858131410147,jirafa,cebra,sra,rctrl,rctrl,0.033365693126143015
13,0,0.4984331807536364,ciervo,tenedor,nr,rctrl,rctrl,0.033380778842001746
14,0,0.46173438244250065,copa,pato,nr,lctrl,rctrl,0.03340703916273924
15,0,1.3229698187897156,pincel,pato,nr,lctrl,rctrl,0.033383572493221436
16,0,0.8322577310800625,mariposa,vaso,nr,rctrl,rctrl,0.033389997890935774
17,0,0.7682875896239239,regla,clavo,wro,rctrl,rctrl,0.033419889958167914
18,0,0.7913005703239833,tuerca,gato,nr,lctrl,rctrl,0.03337630899977739
19,1,1.055713505487347,puerta,mono,nr,rctrl,rctrl,0.03339139471654562
20,1,0.7129716206945886,aguila,mono,wra,rctrl,rctrl,0.03338804233499104
21,1,0.4161682560211375,destornillador,tornillo,sro,lctrl,rctrl,0.03338524868377135
22,1,0.5915402655923572,hacha,vaso,wro,lctrl,rctrl,0.03339390900237049
23,1,0.935775636289236,gallina,olla,nr,lctrl,rctrl,0.033366251856023155
24,1,0.6716199963957479,arana,caballo,wra,rctrl,rctrl,0.03337686773011228
25,0,0.6705486311807363,sarten,olla,sro,rctrl,rctrl,0.03339446773270538
26,1,1.1388450208055474,pipa,cigarrillo,sro,lctrl,rctrl,0.03334166772583558
27,1,0.5915542338484556,cuchara,cigarrillo,wro,lctrl,rctrl,0.03336736931669293
28,0,0.45387528303172076,cocodrilo,cigarrillo,nr,rctrl,rctrl,0.033386366144441126
29,0,0.3432235102504819,rinoceronte,tenedor,nr,rctrl,rctrl,0.033365693126143015
30,1,0.44888330779440366,mosca,zorro,wra,rctrl,rctrl,0.033399496304355125
31,0,0.426087673154143,chancho,tornillo,nr,rctrl,rctrl,0.03336485503041331
32,1,0.5306065435688652,escarabajo,leon,wra,rctrl,rctrl,0.03337630899977739
33,1,0.8740990824253458,oso,olla,nr,lctrl,rctrl,0.03337770582538724
34,1,0.7864770522510298,gallo,cigarrillo,nr,lctrl,rctrl,0.03339139471654562
35,0,0.45278184797234644,candado,cebra,nr,lctrl,rctrl,0.03340983281395893
36,1,0.5849117695124733,burro,caballo,sra,rctrl,rctrl,0.03341933122783303
37,0,0.5919215989742952,cama,mono,nr,lctrl,rctrl,0.03339390900237049
38,0,0.41335700487070426,lapiz,zorro,nr,lctrl,rctrl,0.03337602963483732
39,1,0.36791994513305326,martillo,clavo,sro,lctrl,rctrl,0.0333654137607482
40,1,0.31590830678214843,bota,zapato,sro,lctrl,rctrl,0.033352283599924704
41,0,0.3395752812161845,bowl,caballo,nr,lctrl,rctrl,0.03335842963269897
42,0,0.6037630480968801,tortuga,tornillo,nr,rctrl,rctrl,0.033330772486351634
43,0,0.42142004081506457,jarra,cabra,nr,lctrl,rctrl,0.033377705825841986
44,1,0.6498239301363355,ventana,cebra,nr,rctrl,rctrl,0.03340815662340901
45,0,0.9121187189994089,camello,zapato,nr,rctrl,rctrl,0.033381058206941816
46,1,0.7945096373982778,sombrero,tenedor,wro,lctrl,rctrl,0.033404804241854436
47,0,0.5286551782419338,escritorio,leon,nr,lctrl,rctrl,0.03338217566761159
48,1,0.6582582423188796,canguro,mesa,nr,lctrl,rctrl,0.03343665186503131
49,0,0.6322331469500568,pava,zorro,nr,lctrl,rctrl,0.03340787725846894
50,1,0.4292375148238534,botella,vaso,sro,lctrl,rctrl,0.033390556620815914
51,0,0.6629468270407415,elefante,mesa,nr,rctrl,rctrl,0.033377985190782056
52,0,0.5071395945574295,serrucho,caballo,nr,lctrl,rctrl,0.03341318519505876
53,1,0.5066736135458996,cuchillo,tenedor,sro,lctrl,rctrl,0.033390277255875844
54,0,0.6484832569499304,avestruz,zapato,nr,rctrl,rctrl,0.033377705825841986
55,1,0.3089177535134695,abeja,gato,wra,rctrl,rctrl,0.03335870899763904
56,1,0.537203192026027,pinguino,clavo,nr,lctrl,rctrl,0.03339698201853025
57,1,0.3222602313981042,gorila,mono,sra,rctrl,rctrl,0.03340564233712939
58,0,0.5913807481115327,sobre,gato,nr,lctrl,rctrl,0.03337826455617687
59,0,0.9046079878867204,media,olla,wro,rctrl,rctrl,0.03337910265145183
60,0,0.34250079269850175,taza,cabra,nr,lctrl,rctrl,0.0333911153511508
61,0,1.0684374690076766,ardilla,vaso,nr,rctrl,rctrl,0.03338273439794648
62,1,0.45115845729014836,raton,cabra,wra,rctrl,rctrl,0.033388880430266
63,0,0.8531458607167224,oveja,cabra,sra,lctrl,rctrl,0.03337044233285269
64,1,0.7724540409467409,perro,gato,sra,rctrl,rctrl,0.03339390900282524
65,0,0.321424091609515,bowl,caballo,nr,lctrl,rctrl,0.03339558519292041
66,1,0.32340451090885836,cisne,pato,sra,rctrl,rctrl,0.03336094391897859
67,1,0.4606127315064441,tigre,leon,sra,rctrl,rctrl,0.033411229639568774
68,0,0.2811938388817907,taza,cabra,nr,lctrl,rctrl,0.03338580741410624
69,0,0.7659990306033251,tuerca,gato,nr,lctrl,rctrl,0.03336401693513835
70,0,0.37516304446535287,lapiz,zorro,nr,lctrl,rctrl,0.03335535661653921
71,1,0.3589699249482692,raton,cabra,wra,rctrl,rctrl,0.03337128042812765
72,0,0.29679889483168154,jarra,cabra,nr,lctrl,rctrl,0.03338804233499104
73,0,0.7518111938807124,pinza,mesa,wro,rctrl,rctrl,0.03338692487432127
74,1,0.5514379620876753,escarabajo,leon,wra,rctrl,rctrl,0.03339670265359018
75,1,0.40843068043568564,abeja,gato,wra,rctrl,rctrl,0.033377985190782056
76,1,0.8876365571604765,perro,gato,sra,rctrl,rctrl,0.0333346835982411
77,1,0.48937588436501755,llave,zapato,wro,lctrl,rctrl,0.03335563598147928
78,0,0.6884109572583839,botella,vaso,sro,rctrl,rctrl,0.033398937574474985
79,1,0.42016625017959086,media,olla,wro,lctrl,rctrl,0.03337686773056703
80,0,0.7749895587289757,zorrino,zorro,sra,lctrl,rctrl,0.033386645509381196
81,1,0.5741986760885993,martillo,clavo,sro,lctrl,rctrl,0.033367648681633
82,0,0.5174699577737556,ventana,cebra,nr,lctrl,rctrl,0.03339418836731056
83,1,0.5893000367368586,sapo,cebra,wra,rctrl,rctrl,0.03337826455617687
84,1,0.9083699185230216,rinoceronte,tenedor,nr,lctrl,rctrl,0.03337910265099708
85,0,0.5170827577248929,copa,pato,nr,lctrl,rctrl,0.03338524868377135
86,0,0.6712512344442985,canguro,mesa,nr,rctrl,rctrl,0.03339809947874528
87,1,0.46691828151324444,sombrero,tenedor,wro,lctrl,rctrl,0.03338692487432127
88,1,0.2577352708235594,silla,mesa,sro,lctrl,rctrl,0.03336960423757773
89,1,0.297633079064326,pipa,cigarrillo,sro,lctrl,rctrl,0.03338832169993111
90,1,0.5635615699761729,gallo,cigarrillo,nr,lctrl,rctrl,0.03339223281182058
91,0,0.3606120330932754,pinguino,clavo,nr,rctrl,rctrl,0.03337072169779276
92,0,0.9306414642087475,oveja,cabra,sra,lctrl,rctrl,0.03336736931623818
93,0,1.09512968827039,peine,tornillo,wro,rctrl,rctrl,0.03338552804916617
94,0,0.6432781261305536,tijera,leon,nr,lctrl,rctrl,0.033388880430266
95,1,0.7566757786257767,pincel,pato,nr,rctrl,rctrl,0.03339223281136583
96,1,0.7143991764319253,burro,caballo,sra,rctrl,rctrl,0.03338301376288655
97,1,0.4789807084421227,gorila,mono,sra,rctrl,rctrl,0.03340675979779917
98,1,0.6800383847667035,hacha,vaso,wro,lctrl,rctrl,0.03332322962796752
99,1,0.473695120469074,jirafa,cebra,sra,rctrl,rctrl,0.033366251856023155
100,1,0.7351526520828884,pava,zorro,nr,rctrl,rctrl,0.033294455021405156
101,0,0.715377792428626,conejo,clavo,nr,rctrl,rctrl,0.03338552804916617
102,1,0.5809073499567603,hormiga,pato,wra,rctrl,rctrl,0.03333133121668652
103,0,0.9018576383309664,arana,caballo,wra,lctrl,rctrl,0.03337910265145183
104,0,0.3813495849331048,chancho,tornillo,nr,rctrl,rctrl,0.03337630900023214
105,1,0.37395004113659525,serrucho,caballo,nr,rctrl,rctrl,0.03339083598621073
106,1,0.654315841818061,cocodrilo,cigarrillo,nr,lctrl,rctrl,0.03340703916273924
107,0,0.8292978576887435,elefante,mesa,nr,rctrl,rctrl,0.03339279154170072
108,0,0.8159905798083855,camello,zapato,nr,rctrl,rctrl,0.03336792804657307
109,1,0.5864960490789599,tortuga,tornillo,nr,lctrl,rctrl,0.03335982645830882
110,1,0.5276271146194631,gallina,olla,nr,lctrl,rctrl,0.033404804241854436
111,0,0.6126214365231135,sobre,gato,nr,lctrl,rctrl,0.03342240424399279
112,1,0.687901954019253,cuchara,cigarrillo,wro,lctrl,rctrl,0.033366531220963225
113,0,0.37954823867266896,avestruz,zapato,nr,rctrl,rctrl,0.033387204239716084
114,1,0.9612741284154254,cuchillo,tenedor,sro,lctrl,rctrl,0.033377705825841986
115,0,0.3891913637066864,ciervo,tenedor,nr,rctrl,rctrl,0.033384410588496394
116,0,0.7057447245392723,oso,olla,nr,rctrl,rctrl,0.03337239788879742
117,0,0.6904031098924861,escritorio,leon,nr,lctrl,rctrl,0.033414023290788464
118,1,0.49149794177765216,regla,clavo,wro,lctrl,rctrl,0.03328383914731603
119,1,0.470147462875957,sarten,olla,sro,lctrl,rctrl,0.03340228995602956
120,1,0.4433577451882229,destornillador,tornillo,sro,lctrl,rctrl,0.03331764232598289
121,1,0.540656982940618,bota,zapato,sro,lctrl,rctrl,0.03338524868377135
122,1,0.35706437550015835,aguila,mono,wra,rctrl,rctrl,0.03337966138178672
123,0,0.31837007217427526,mariposa,vaso,nr,rctrl,rctrl,0.033383572493221436
124,0,0.4163403449319958,candado,cebra,nr,lctrl,rctrl,0.03338999789048103
125,0,0.40519200065955374,ardilla,vaso,nr,rctrl,rctrl,0.033383851858161506
126,1,0.6511456064949925,cama,mono,nr,rctrl,rctrl,0.0333779851912368
127,1,0.3680034753019754,mosca,zorro,wra,rctrl,rctrl,0.03339223281182058
128,0,0.5351448298592913,puerta,mono,nr,lctrl,rctrl,0.03336876614184803
LIKERT postobjetiva,3

LIKERT_SIMILITUD
bowl,caballo,1
cisne,pato,5
tigre,leon,7
taza,cabra,1
tuerca,gato,1
lapiz,zorro,1
raton,cabra,3
jarra,cabra,1
pinza,mesa,4
escarabajo,leon,1
abeja,gato,1
perro,gato,7
llave,zapato,4
botella,vaso,1
media,olla,1
zorrino,zorro,4
martillo,clavo,7
ventana,cebra,1
sapo,cebra,1
rinoceronte,tenedor,1
copa,pato,1
canguro,mesa,1
sombrero,tenedor,4
silla,mesa,7
pipa,cigarrillo,7
gallo,cigarrillo,1
pinguino,clavo,1
oveja,cabra,4
peine,tornillo,1
tijera,leon,1
pincel,pato,1
burro,caballo,4
gorila,mono,4
hacha,vaso,1
jirafa,cebra,4
pava,zorro,1
conejo,clavo,1
hormiga,pato,1
arana,caballo,1
chancho,tornillo,1
serrucho,caballo,1
cocodrilo,cigarrillo,1
elefante,mesa,1
camello,zapato,1
tortuga,tornillo,1
gallina,olla,1
sobre,gato,1
cuchara,cigarrillo,1
avestruz,zapato,1
cuchillo,tenedor,7
ciervo,tenedor,1
oso,olla,1
escritorio,leon,1
regla,clavo,5
sarten,olla,7
destornillador,tornillo,7
bota,zapato,7
aguila,mono,1
mariposa,vaso,1
candado,cebra,1
ardilla,vaso,1
cama,mono,1
mosca,zorro,1
puerta,mono,1
Tiempo Bloque 1,33.28773992225274
Tiempo Bloque 2,201.89926680625604
Tiempo Bloque 3,206.53131808651688
Tiempo Bloque 4,207.65838395662013
Tiempo Bloque 5,201.25901196939822
Tiempo Bloque 6,42.82740515903561
Tiempo Bloque 7,39.28857270966
Tiempo Bloque 8,212.52439821262215
Tiempo Bloque 9,207.00562445785727
Tiempo Total,1854.808540470926
