Nombre,66
Apellido,12_30
Edad,19
Sexo,Femenino
Antecendente neurologico?,No
Toma alguna medicacion?,No
Trabaja?,No
Horas de sueño la noche anterior?,Mas de 7
Dibujar,Alta preferencia de mano derecha
Arrojar un objeto,Preferencia moderada de mano derecha
Escribir,Alta preferencia de mano derecha
Usar tijeras,Preferencia moderada de mano derecha
Usa un cepillo de diente,Preferencia moderada de mano derecha
Usar una cuchara,No preferencia
Usar una escoba (La mano que va arriba),Preferencia moderada de mano izquierda
Encender un fósforo,No preferencia
Abrir una caja (La mano que abre la caja),Preferencia moderada de mano derecha
SYSTEM
System,Windows
Node,u-76627f80a4294
Release,XP
Version,5.1.2600
Machine,x86
Processor,"x86 Family 18 Model 1 Stepping 0, AuthenticAMD"
Screen Width,1280
Screen Height,720
""
Estimulos
Imagenes
ETAPA DE TEST
Num Trial,"Calidad respuesta (1:correcto, 0:error)",Tiempo Resp,Prime,Target,Categoria,Tecla presionada (vacio si no se presiono),Tecla para responder afirmativamente,Tiempo de aparicion del prime
-9,1,1.410443506088086,mapache,violin,sro,rctrl,lctrl,0.03301704546220208
-8,1,0.6691386754464475,buho,carro,sro,rctrl,lctrl,0.03331987724732244
-7,1,0.5759511334540548,hilo,serpiente,sra,lctrl,lctrl,0.038108474680484505
-6,1,0.439975471742855,hilo,serpiente,sra,lctrl,lctrl,0.03333971217034559
-5,1,0.3978243044853116,hilo,serpiente,sra,lctrl,lctrl,0.033381058206941816
-4,1,0.5919408751669835,buho,carro,sro,rctrl,lctrl,0.0333369185191259
-3,1,0.6124186174497481,hilo,pavo,sra,lctrl,lctrl,0.03335060740937479
-2,0,0.5586176455390159,serpiente,hilo,sro,lctrl,lctrl,0.033384131223101576
-1,1,0.8055074038738894,pavo,rueda,sro,rctrl,lctrl,0.03336094391897859
0,1,0.5476036758859664,buho,carro,sro,rctrl,lctrl,0.03335312169565441
1,1,0.660045620323217,avestruz,zapato,nr,rctrl,lctrl,0.03321874707580719
2,1,0.9828084295631925,cocodrilo,cigarrillo,nr,rctrl,lctrl,0.03338776297005097
3,1,0.6346482583680881,copa,pato,nr,lctrl,lctrl,0.03337966138178672
4,1,0.6764586001854695,tortuga,tornillo,nr,rctrl,lctrl,0.033326302645036776
5,1,0.6034998861587155,escarabajo,leon,wra,lctrl,lctrl,0.033369045507242845
6,1,0.5752063460577119,sobre,gato,nr,lctrl,lctrl,0.03352856298761253
7,1,0.5900562781025656,media,olla,wro,rctrl,lctrl,0.03339418836776531
8,1,0.6431750404030936,hormiga,pato,wra,lctrl,lctrl,0.03334976931409983
9,1,0.5252164730436562,serrucho,caballo,nr,lctrl,lctrl,0.03338161693773145
10,1,0.6311427849068423,cuchillo,tenedor,sro,rctrl,lctrl,0.0333771470955071
11,1,0.6396980621839248,peine,tornillo,wro,rctrl,lctrl,0.03363863284312174
12,1,0.6293232799139332,oso,olla,nr,rctrl,lctrl,0.03339390900237049
13,1,0.5468717392855069,taza,cabra,nr,lctrl,lctrl,0.033386366144441126
14,1,0.512324052358963,tijera,leon,nr,lctrl,lctrl,0.033367648681633
15,1,0.5659995893333871,camello,zapato,nr,rctrl,lctrl,0.03340843598834908
16,1,0.813723252535965,burro,caballo,sra,lctrl,lctrl,0.03334446137705527
17,1,0.5333395724878756,gallina,olla,nr,rctrl,lctrl,0.03339698201853025
18,1,0.7155845226138808,candado,cebra,nr,lctrl,lctrl,0.03335172487004456
19,1,0.5295189751768703,bota,zapato,sro,rctrl,lctrl,0.033404524876914365
20,0,0.9792244545046742,chancho,tornillo,nr,lctrl,lctrl,0.0333874836051109
21,1,0.505861219792223,sarten,olla,sro,rctrl,lctrl,0.03339223281182058
22,1,0.653986190982323,jarra,cabra,nr,lctrl,lctrl,0.03340675979779917
23,1,0.635051382228994,pinguino,clavo,nr,rctrl,lctrl,0.033369045507242845
24,1,0.5728046441654442,oveja,cabra,sra,lctrl,lctrl,0.03342268360847811
25,1,0.7125665412786475,ardilla,vaso,nr,rctrl,lctrl,0.03334948994870501
26,1,0.4771659526568328,hacha,vaso,wro,rctrl,lctrl,0.033372118523402605
27,1,0.6479119552905104,rinoceronte,tenedor,nr,rctrl,lctrl,0.03337658836517221
28,1,0.6158129035957245,ventana,cebra,nr,lctrl,lctrl,0.03344503281823563
29,1,0.5336493883996809,cuchara,cigarrillo,wro,rctrl,lctrl,0.03350481695269991
30,1,0.618157056273958,silla,mesa,sro,rctrl,lctrl,0.03337351534901245
31,1,0.4964826535215252,perro,gato,sra,lctrl,lctrl,0.033410112178899
32,1,0.7256933492944881,pinza,mesa,wro,rctrl,lctrl,0.033491686792331166
33,1,0.48605590934039355,mosca,zorro,wra,lctrl,lctrl,0.033384689952981716
34,1,0.4621741031332931,cama,mono,nr,lctrl,lctrl,0.033380499477061676
35,1,0.6023399622017678,gallo,cigarrillo,nr,rctrl,lctrl,0.03318717881666089
36,1,0.5432729578751605,conejo,clavo,nr,rctrl,lctrl,0.03337686773011228
37,1,0.822822733056455,ciervo,tenedor,nr,rctrl,lctrl,0.03338245503255166
38,1,0.4644472970721836,cisne,pato,sra,lctrl,lctrl,0.03338245503255166
39,1,0.5834143724969181,llave,zapato,wro,rctrl,lctrl,0.03334948994961451
40,1,0.6052626800328653,destornillador,tornillo,sro,rctrl,lctrl,0.03338217566761159
41,1,0.5426932752625362,gorila,mono,sra,lctrl,lctrl,0.03336681058681279
42,1,0.9360924363290906,tigre,leon,sra,lctrl,lctrl,0.033350048678585154
43,1,0.8012183112659841,jirafa,cebra,sra,lctrl,lctrl,0.0334651471066536
44,1,0.4624196650693193,sapo,cebra,wra,lctrl,lctrl,0.03340228995602956
45,1,0.3906150083321336,arana,caballo,wra,lctrl,lctrl,0.033362340745043184
46,1,0.5583614677279911,elefante,mesa,nr,rctrl,lctrl,0.03341067090968863
47,1,0.5571082358237618,bowl,caballo,nr,lctrl,lctrl,0.033375470904502436
48,1,0.601962819297114,puerta,mono,nr,lctrl,lctrl,0.03337239788925217
49,1,0.4310729436283509,raton,cabra,wra,lctrl,lctrl,0.03334893121882487
50,1,0.7387623287313545,canguro,mesa,nr,rctrl,lctrl,0.03339502646304027
51,1,0.7320469501009939,pincel,pato,nr,lctrl,lctrl,0.03339949630480987
52,1,0.603928711610024,mariposa,vaso,nr,rctrl,lctrl,0.03337044233285269
53,1,0.5161644845920819,regla,clavo,wro,rctrl,lctrl,0.033383851858161506
54,1,0.5868508427747656,zorrino,zorro,sra,lctrl,lctrl,0.03351180108165863
55,1,0.5144734875520953,pava,zorro,nr,lctrl,lctrl,0.03336792804657307
56,1,0.8576123501725306,botella,vaso,sro,rctrl,lctrl,0.03337100106273283
57,1,0.5236844347527949,aguila,mono,wra,lctrl,lctrl,0.033184664531290764
58,1,0.5634216080534316,pipa,cigarrillo,sro,rctrl,lctrl,0.03344615027890541
59,1,0.4855969124573676,abeja,gato,wra,lctrl,lctrl,0.03338245503255166
60,1,0.5287009941212091,martillo,clavo,sro,rctrl,lctrl,0.033314848675217945
61,1,1.1521313463026672,sombrero,tenedor,wro,rctrl,lctrl,0.033329096296256466
62,1,0.42416983164093836,escritorio,leon,nr,lctrl,lctrl,0.03316734389409248
63,1,0.3654855575223337,tuerca,gato,nr,lctrl,lctrl,0.03344810583439539
64,1,0.3825064358743475,lapiz,zorro,nr,lctrl,lctrl,0.03335842963315372
65,1,0.5778429940119167,sombrero,tenedor,wro,rctrl,lctrl,0.03340145186029986
66,1,0.5399038145906161,escritorio,leon,nr,lctrl,lctrl,0.033410950274628703
67,1,0.5013148319130778,media,olla,wro,rctrl,lctrl,0.033360105823703634
68,1,0.5710876661696602,tortuga,tornillo,nr,rctrl,lctrl,0.03339865820908017
69,0,0.41691499897297035,copa,pato,nr,rctrl,lctrl,0.03337854392157169
70,1,0.5656246813496182,pinguino,clavo,nr,rctrl,lctrl,0.033604550299060065
71,1,0.5823815596677377,pava,zorro,nr,lctrl,lctrl,0.03335088677522435
72,1,0.5443784056351433,taza,cabra,nr,lctrl,lctrl,0.03340089313041972
73,1,0.7301084355694911,oso,olla,nr,rctrl,lctrl,0.03339223281182058
74,1,0.5335463026731304,aguila,mono,wra,lctrl,lctrl,0.03335004867949465
75,1,0.5352565759048957,hacha,vaso,wro,rctrl,lctrl,0.03337016296791262
76,1,0.6469489837400033,ardilla,vaso,nr,rctrl,lctrl,0.03337155979261297
77,1,0.6242044729142435,escarabajo,leon,wra,lctrl,lctrl,0.033423242339267745
78,1,0.6187671896841493,pinza,mesa,wro,rctrl,lctrl,0.033413743925848394
79,1,0.591965179932231,hormiga,pato,wra,lctrl,lctrl,0.03339670265359018
80,1,0.5407444242209749,gallina,olla,nr,rctrl,lctrl,0.03338245503255166
81,1,0.7031390861129694,raton,cabra,wra,lctrl,lctrl,0.03337854392157169
82,1,0.467347386329493,cuchillo,tenedor,sro,rctrl,lctrl,0.03336457566547324
83,1,0.6558814039217395,serrucho,caballo,nr,lctrl,lctrl,0.03337435344383266
84,1,0.5684264340861773,mosca,zorro,wra,lctrl,lctrl,0.033425756625547365
85,1,0.5326858581183842,ventana,cebra,nr,lctrl,lctrl,0.03333105185083696
86,1,0.6043645211893818,ciervo,tenedor,nr,rctrl,lctrl,0.03335451852035476
87,1,0.600100012711664,zorrino,zorro,sra,lctrl,lctrl,0.03340340741578984
88,1,0.8031115686490011,mariposa,vaso,nr,rctrl,lctrl,0.03335032804443472
89,1,0.6497233586951552,tijera,leon,nr,lctrl,lctrl,0.030689095960951818
90,1,0.5626779381182132,regla,clavo,wro,rctrl,lctrl,0.03344922329506517
91,1,0.49294505307261716,cisne,pato,sra,lctrl,lctrl,0.033362620109983254
92,1,0.595478475616801,martillo,clavo,sro,rctrl,lctrl,0.03340927408407879
93,1,0.49865862840124464,perro,gato,sra,lctrl,lctrl,0.033386645509381196
94,1,0.7049080260203482,avestruz,zapato,nr,rctrl,lctrl,0.033263445494412736
95,1,0.7402298336801323,cocodrilo,cigarrillo,nr,rctrl,lctrl,0.03340396614657948
96,1,0.7030675686428367,silla,mesa,sro,rctrl,lctrl,0.033437769325246336
97,1,0.6405973384880781,llave,zapato,wro,rctrl,lctrl,0.03344307726183615
98,1,0.8631717159578329,oveja,cabra,sra,lctrl,lctrl,0.03332574391424714
99,1,0.6897267669501161,bota,zapato,sro,rctrl,lctrl,0.033183547071530484
100,1,0.543621046809676,sobre,gato,nr,lctrl,lctrl,0.033426315355427505
101,1,0.5257034064379695,botella,vaso,sro,rctrl,lctrl,0.033388601065780676
102,1,0.4957663613677141,gorila,mono,sra,lctrl,lctrl,0.0334064804328591
103,1,0.5527099114551675,pincel,pato,nr,lctrl,lctrl,0.03331428994442831
104,1,0.48673783958565764,destornillador,tornillo,sro,rctrl,lctrl,0.03339698201853025
105,1,0.8663344084234268,gallo,cigarrillo,nr,rctrl,lctrl,0.033377705825841986
106,0,0.5237539966674376,elefante,mesa,nr,lctrl,lctrl,0.03335088677522435
107,1,0.7689960595553202,arana,caballo,wra,lctrl,lctrl,0.033388601065780676
108,1,0.5561528071311841,cama,mono,nr,lctrl,lctrl,0.03328886771851103
109,1,1.054887143477572,cuchara,cigarrillo,wro,rctrl,lctrl,0.03346402964598383
110,1,0.6687841611146723,jarra,cabra,nr,lctrl,lctrl,0.03335675344169431
111,1,0.7209849296486937,canguro,mesa,nr,rctrl,lctrl,0.0333369185191259
112,1,0.5794501815171316,jirafa,cebra,sra,lctrl,lctrl,0.03338860106487118
113,1,0.7451494533524965,tigre,leon,sra,lctrl,lctrl,0.03339949630480987
114,1,0.6534900385386209,conejo,clavo,nr,rctrl,lctrl,0.03338580741365149
115,1,0.5530250353040174,rinoceronte,tenedor,nr,rctrl,lctrl,0.03341290583011869
116,1,0.5190235071768257,peine,tornillo,wro,rctrl,lctrl,0.03338552804871142
117,1,0.5049770292034736,candado,cebra,nr,lctrl,lctrl,0.03325757882612379
118,1,0.682675870816638,puerta,mono,nr,lctrl,lctrl,0.033382734398401226
119,1,0.45226222885958123,bowl,caballo,nr,lctrl,lctrl,0.0333947470981002
120,1,1.213532725528239,camello,zapato,nr,rctrl,lctrl,0.03337658836517221
121,1,0.7443865072236804,lapiz,zorro,nr,lctrl,lctrl,0.03334697566333489
122,1,0.7056301848424482,tuerca,gato,nr,lctrl,lctrl,0.033378264555722126
123,1,0.38959560502826207,abeja,gato,wra,lctrl,lctrl,0.033374632809682225
124,1,0.5324118009411904,sarten,olla,sro,rctrl,lctrl,0.033371001063642325
125,1,0.6074084834799578,chancho,tornillo,nr,rctrl,lctrl,0.03334697566242539
126,1,0.5102606616210323,burro,caballo,sra,lctrl,lctrl,0.03334557883772504
127,1,0.6209845106013745,pipa,cigarrillo,sro,rctrl,lctrl,0.0333640169355931
128,1,0.5235740855332551,sapo,cebra,wra,lctrl,lctrl,0.033425756625547365
129,1,0.9724758314259816,avestruz,zapato,nr,rctrl,lctrl,0.03339223281182058
130,1,0.4534146099576901,puerta,mono,nr,lctrl,lctrl,0.03340843598834908
131,1,1.0621919825007353,destornillador,tornillo,sro,rctrl,lctrl,0.0333522836008342
132,1,0.4476091235064814,oso,olla,nr,rctrl,lctrl,0.03331121692826855
133,1,0.7485613395001565,jarra,cabra,nr,lctrl,lctrl,0.03343022646731697
134,1,0.6456046788071035,regla,clavo,wro,rctrl,lctrl,0.033366531220963225
135,1,0.4993902856376735,sarten,olla,sro,rctrl,lctrl,0.03320366135903896
136,1,0.5420697323261265,oveja,cabra,sra,lctrl,lctrl,0.03322545183800685
137,1,0.7081374867475461,tortuga,tornillo,nr,rctrl,lctrl,0.03338245503255166
138,1,0.9119659062816936,cisne,pato,sra,lctrl,lctrl,0.033315966134978225
139,1,1.461916528497568,gallina,olla,nr,rctrl,lctrl,0.03346179472464428
140,1,0.6666190814748916,pava,zorro,nr,lctrl,lctrl,0.03338496931883128
141,1,0.8617994745145552,cuchillo,tenedor,sro,rctrl,lctrl,0.033377705825841986
142,1,0.6469512186604334,burro,caballo,sra,lctrl,lctrl,0.03335116613925493
143,1,0.5709233994821261,peine,tornillo,wro,rctrl,lctrl,0.03334278518650535
144,1,1.1331079788078569,botella,vaso,sro,rctrl,lctrl,0.03336289947401383
145,1,0.5423490974417291,martillo,clavo,sro,rctrl,lctrl,0.033383013763341296
146,1,0.5239501109781486,aguila,mono,wra,lctrl,lctrl,0.033360664553583774
147,1,0.8219756980288366,sombrero,tenedor,wro,rctrl,lctrl,0.0334064804328591
148,1,0.7581664708786775,cuchara,cigarrillo,wro,rctrl,lctrl,0.033381337571881886
149,1,0.6694306119907196,lapiz,zorro,nr,lctrl,lctrl,0.03340955344901886
150,1,0.5804355022773962,raton,cabra,wra,lctrl,lctrl,0.033410112178899
151,1,0.6110433029889464,llave,zapato,wro,rctrl,lctrl,0.033375470904502436
152,1,0.5691759706896846,mariposa,vaso,nr,rctrl,lctrl,0.03342128678377776
153,1,0.6557785975592196,conejo,clavo,nr,rctrl,lctrl,0.0333486518538848
154,1,0.5387925001641634,zorrino,zorro,sra,lctrl,lctrl,0.03334502010693541
155,1,0.6462745963517591,bowl,caballo,nr,lctrl,lctrl,0.03340117249535979
156,1,0.6022078225032601,tuerca,gato,nr,lctrl,lctrl,0.03340843598834908
157,1,0.547117859951868,canguro,mesa,nr,rctrl,lctrl,0.03340843598834908
158,1,0.6842646202239848,escritorio,leon,nr,lctrl,lctrl,0.03338217566761159
159,1,0.8936954277705809,pinza,mesa,wro,rctrl,lctrl,0.03367718522895302
160,1,0.5434078912267069,sapo,cebra,wra,lctrl,lctrl,0.03335926772797393
161,1,0.8950584501662888,silla,mesa,sro,rctrl,lctrl,0.0333288169304069
162,1,0.808636572524847,bota,zapato,sro,rctrl,lctrl,0.03339446773316013
163,1,0.5561952706284501,serrucho,caballo,nr,lctrl,lctrl,0.033425477260607295
164,1,0.5300656927065575,pinguino,clavo,nr,rctrl,lctrl,0.03335535661699396
165,1,0.4375684619135427,copa,pato,nr,lctrl,lctrl,0.03341039154474856
166,1,0.5555499372130726,pipa,cigarrillo,sro,rctrl,lctrl,0.033410112178899
167,1,0.46272808415596955,hormiga,pato,wra,lctrl,lctrl,0.033358150267304154
168,1,0.6378358143283549,candado,cebra,nr,lctrl,lctrl,0.03323187723617593
169,1,0.6600850108043232,chancho,tornillo,nr,rctrl,lctrl,0.03359756617101084
170,1,0.5087498550792589,media,olla,wro,rctrl,lctrl,0.03351655028836831
171,1,0.8706757423087765,jirafa,cebra,sra,lctrl,lctrl,0.03339307090664079
172,1,0.759539550417685,ventana,cebra,nr,lctrl,lctrl,0.033357591537424014
173,1,0.6588485408055931,arana,caballo,wra,lctrl,lctrl,0.033384131223101576
174,1,0.5195322310519259,mosca,zorro,wra,lctrl,lctrl,0.033132702620605414
175,1,0.6003874794141666,gallo,cigarrillo,nr,rctrl,lctrl,0.03336792804657307
176,1,0.43823921755392803,gorila,mono,sra,lctrl,lctrl,0.03332853756546683
177,1,0.4613720458883108,pincel,pato,nr,lctrl,lctrl,0.03310392801267881
178,1,0.4803250133745678,perro,gato,sra,lctrl,lctrl,0.033414582020668604
179,1,0.43302235339888284,tigre,leon,sra,lctrl,lctrl,0.03354700108502584
180,1,0.6225475584187734,rinoceronte,tenedor,nr,rctrl,lctrl,0.03351068362098886
181,1,0.4157316083465048,sobre,gato,nr,lctrl,lctrl,0.03338105820785131
182,1,0.39345531345497875,tijera,leon,nr,lctrl,lctrl,0.033383572493221436
183,1,0.8663165290554389,ciervo,tenedor,nr,rctrl,lctrl,0.03340424551151955
184,1,0.6697055072636431,camello,zapato,nr,rctrl,lctrl,0.033360105823703634
185,1,0.46480404632438876,hacha,vaso,wro,rctrl,lctrl,0.033414582020668604
186,1,0.5309130071000254,elefante,mesa,nr,rctrl,lctrl,0.03334753439321503
187,1,0.4498096825154789,ardilla,vaso,nr,rctrl,lctrl,0.033362620109983254
188,1,0.6388622017602756,abeja,gato,wra,lctrl,lctrl,0.03316762325903255
189,1,0.6276537939875197,cocodrilo,cigarrillo,nr,rctrl,lctrl,0.033428829641707125
190,1,0.7038936512881264,taza,cabra,nr,lctrl,lctrl,0.03337966138133197
191,1,0.7092077345023426,cama,mono,nr,lctrl,lctrl,0.03344726773957518
192,1,0.567001113270635,escarabajo,leon,wra,lctrl,lctrl,0.03338776296914148
193,1,1.764292947847025,bowl,caballo,nr,lctrl,lctrl,0.033381058206941816
194,1,0.6102985155939677,destornillador,tornillo,sro,rctrl,lctrl,0.03338804233499104
195,1,0.5621823444043912,pipa,cigarrillo,sro,rctrl,lctrl,0.03342771218103735
196,1,0.5157283956486935,media,olla,wro,rctrl,lctrl,0.033371559793522465
197,1,0.755134800651831,elefante,mesa,nr,rctrl,lctrl,0.03338441058895114
198,1,0.46363825570006156,sarten,olla,sro,rctrl,lctrl,0.03343274075359659
199,1,0.6243547713465887,copa,pato,nr,lctrl,lctrl,0.03339586455876997
200,1,0.6693303199153888,camello,zapato,nr,rctrl,lctrl,0.03338804233499104
201,1,0.6528086670232369,oso,olla,nr,rctrl,lctrl,0.03326931216088269
202,1,0.4988385395354271,cuchillo,tenedor,sro,rctrl,lctrl,0.033377705825841986
203,1,0.5123084079123146,oveja,cabra,sra,lctrl,lctrl,0.033386645509381196
204,1,0.5827187533614051,pincel,pato,nr,lctrl,lctrl,0.033371559793522465
205,1,0.8677938117834856,taza,cabra,nr,lctrl,lctrl,0.033411509004508844
206,1,0.524590695185907,mosca,zorro,wra,lctrl,lctrl,0.03338552804871142
207,1,0.45007312381858355,mariposa,vaso,nr,rctrl,lctrl,0.03335507725205389
208,1,0.6178125990873014,bota,zapato,sro,rctrl,lctrl,0.033410112178899
209,1,0.6985725839449515,lapiz,zorro,nr,lctrl,lctrl,0.03348107091824204
210,1,0.47728496219497174,tuerca,gato,nr,lctrl,lctrl,0.033428829641707125
211,1,0.5758142445483827,avestruz,zapato,nr,rctrl,lctrl,0.033080740708101075
212,1,0.7243624538878066,puerta,mono,nr,lctrl,lctrl,0.03339726138347032
213,1,0.43303576292510115,pava,zorro,nr,lctrl,lctrl,0.03337854392157169
214,1,0.5756075143626731,conejo,clavo,nr,rctrl,lctrl,0.03334446137796476
215,1,0.9087389598398659,pinza,mesa,wro,rctrl,lctrl,0.03338999789048103
216,1,0.48014845462239464,silla,mesa,sro,rctrl,lctrl,0.03337770582493249
217,1,0.7612897728622556,martillo,clavo,sro,rctrl,lctrl,0.03344950266000524
218,1,0.6657580781911747,chancho,tornillo,nr,rctrl,lctrl,0.033386366144441126
219,1,0.7720967329642008,gallina,olla,nr,rctrl,lctrl,0.03338804233499104
220,1,0.5365170713039333,peine,tornillo,wro,rctrl,lctrl,0.033417655036828364
221,1,0.47708549550316093,jirafa,cebra,sra,lctrl,lctrl,0.03350146457160008
222,1,0.5587726931780708,sombrero,tenedor,wro,rctrl,lctrl,0.03338971852554096
223,1,0.6501787238321413,raton,cabra,wra,lctrl,lctrl,0.03338245503255166
224,1,0.628672359196571,cocodrilo,cigarrillo,nr,rctrl,lctrl,0.03339055662036117
225,1,0.6795556418483102,tortuga,tornillo,nr,rctrl,lctrl,0.03339893757492973
226,1,0.5373512555370326,escritorio,leon,nr,lctrl,lctrl,0.033266797875512566
227,1,0.4242866062586472,arana,caballo,wra,lctrl,lctrl,0.03332993439107668
228,1,0.6065642421035591,cuchara,cigarrillo,wro,rctrl,lctrl,0.03340061376457015
229,1,0.6515473335293791,ventana,cebra,nr,lctrl,lctrl,0.033378543920662196
230,1,0.9671567196392061,zorrino,zorro,sra,lctrl,lctrl,0.033357032807543874
231,1,0.5334546709145798,serrucho,caballo,nr,lctrl,lctrl,0.03340927408407879
232,1,0.7784388798017972,hacha,vaso,wro,rctrl,lctrl,0.03341346455999883
233,1,0.6139534493913743,sobre,gato,nr,lctrl,lctrl,0.033127953412986244
234,1,0.49005893207049667,tijera,leon,nr,lctrl,lctrl,0.03335870899809379
235,1,0.48037697528525314,gorila,mono,sra,lctrl,lctrl,0.03340424551151955
236,1,0.8060736769612049,canguro,mesa,nr,rctrl,lctrl,0.03312041055505688
237,1,0.5507507239053666,jarra,cabra,nr,lctrl,lctrl,0.03336150264931348
238,1,0.4647152082179673,perro,gato,sra,lctrl,lctrl,0.03338776297005097
239,1,0.8876278968418774,ciervo,tenedor,nr,rctrl,lctrl,0.03322880421910668
240,1,0.5744012157974794,cama,mono,nr,lctrl,lctrl,0.03327350263771223
241,1,0.5812847722263541,ardilla,vaso,nr,rctrl,lctrl,0.03341569948133838
242,0,0.8712124026933452,regla,clavo,wro,lctrl,lctrl,0.03336513439535338
243,1,0.6673596783948597,tigre,leon,sra,lctrl,lctrl,0.03335787090327358
244,1,0.7073753787135502,pinguino,clavo,nr,rctrl,lctrl,0.03334502010693541
245,1,0.6882293699336515,aguila,mono,wra,lctrl,lctrl,0.03338217566761159
246,1,0.588162741353699,burro,caballo,sra,lctrl,lctrl,0.03335144550510449
247,1,0.5485417839418005,cisne,pato,sra,lctrl,lctrl,0.03336485503041331
248,1,0.9894788304100075,sapo,cebra,wra,lctrl,lctrl,0.03339670265359018
249,1,0.584498309142873,rinoceronte,tenedor,nr,rctrl,lctrl,0.03338189630267152
250,1,0.5603921727479246,escarabajo,leon,wra,lctrl,lctrl,0.03353079790940683
251,1,0.6939284182772099,llave,zapato,wro,rctrl,lctrl,0.03336206137919362
252,1,0.6147267320293395,hormiga,pato,wra,lctrl,lctrl,0.03353498838532687
253,1,0.6303636356014977,botella,vaso,sro,rctrl,lctrl,0.033359267728883424
254,1,1.2015527113089775,gallo,cigarrillo,nr,rctrl,lctrl,0.033545883624356065
255,1,0.4870490523235276,abeja,gato,wra,lctrl,lctrl,0.03345062012067501
256,1,0.5033103369278251,candado,cebra,nr,lctrl,lctrl,0.033379940747181536

LIKERT preobjetiva,5

ETAPA DE VISIBILIDAD
Num Trial,"Calidad respuesta (1:correcto, 0:error)",Tiempo Resp,Prime,Target,Categoria,Tecla presionada (vacio si no se presiono),Tecla para responder afirmativamente,Tiempo de aparicion del prime
-19,0,0,hilo,serpiente,sra,,lctrl,0.10011747303087759
-18,0,0,pavo,rueda,sro,,lctrl,0.1002401143168754
-17,0,1.4193312278512167,mapache,violin,sro,lctrl,lctrl,0.10014848255832476
-16,0,1.3413908750972041,serpiente,hilo,sro,lctrl,lctrl,0.1001769777994923
-15,0,0.8676270308096719,violin,mapache,sra,rctrl,lctrl,0.10014373335161508
-14,0,1.1939590087567922,pavo,rueda,sro,lctrl,lctrl,0.10017139049796242
-13,0,0.7858110458173542,hilo,serpiente,sra,rctrl,lctrl,0.10016552383058297
-12,0,0.9332015661202604,violin,mapache,sra,rctrl,lctrl,0.10017753653028194
-11,0,0.8967083805346192,buho,carro,sro,lctrl,lctrl,0.10032643813701725
-10,0,0,serpiente,hilo,sro,,lctrl,0.10016720002113289
-9,0,0,mapache,violin,sro,,lctrl,0.03335982645785407
-8,0,0,violin,mapache,sra,,lctrl,0.03340620106791903
-7,0,0,hilo,pavo,sra,,lctrl,0.033380778842001746
-6,0,1.596049218545886,serpiente,hilo,sro,lctrl,lctrl,0.03338161693773145
-5,0,0,pavo,rueda,sro,,lctrl,0.03338496931883128
-4,0,1.3053421594086103,mapache,violin,sro,lctrl,lctrl,0.03335870899809379
-3,0,0,violin,mapache,sra,,lctrl,0.03337072169779276
-2,0,0.8995808126446718,pavo,rueda,sro,lctrl,lctrl,0.033371280428582395
-1,1,1.7936000245845207,mapache,violin,sro,rctrl,lctrl,0.03336178201425355
0,0,1.9542254672032868,violin,mapache,sra,rctrl,lctrl,0.03339362963652093
1,0,1.1977614473353242,camello,zapato,nr,lctrl,lctrl,0.033366531220963225
2,0,1.0217044345017712,gallo,cigarrillo,nr,lctrl,lctrl,0.03341262646517862
3,0,0.9321050580447263,aguila,mono,wra,rctrl,lctrl,0.03338524868377135
4,0,1.361476109393152,ventana,cebra,nr,rctrl,lctrl,0.03338189630267152
5,0,1.4438156246114886,sarten,olla,sro,lctrl,lctrl,0.03344391535847535
6,0,1.1113144268329052,copa,pato,nr,rctrl,lctrl,0.03340675979779917
7,0,1.4265888541704044,mariposa,vaso,nr,lctrl,lctrl,0.03340424551151955
8,0,1.83186522309461,gorila,mono,sra,rctrl,lctrl,0.03340368678163941
9,0,0,abeja,gato,wra,,lctrl,0.03340256932096963
10,1,1.4882637318432899,arana,caballo,wra,lctrl,lctrl,0.03339586455786048
11,0,0,pava,zorro,nr,,lctrl,0.03338496931883128
12,0,1.2482538981903417,tuerca,gato,nr,rctrl,lctrl,0.033381337571881886
13,1,1.7614473347866806,escritorio,leon,nr,lctrl,lctrl,0.033559851880454517
14,0,1.692846995916625,cuchara,cigarrillo,wro,lctrl,lctrl,0.03336429630053317
15,0,1.6794600989787796,serrucho,caballo,nr,rctrl,lctrl,0.03323997882398544
16,0,0,cocodrilo,cigarrillo,nr,,lctrl,0.03340536297218932
17,0,0,taza,cabra,nr,,lctrl,0.03341318519505876
18,0,1.3492776316543313,hacha,vaso,wro,lctrl,lctrl,0.03339754074841039
19,0,0.6804373181503252,chancho,tornillo,nr,lctrl,lctrl,0.03311035341084789
20,0,0.7991462602094543,pincel,pato,nr,rctrl,lctrl,0.03339251217676065
21,0,1.0945497262919162,avestruz,zapato,nr,lctrl,lctrl,0.03338524868377135
22,0,0,mosca,zorro,wra,,lctrl,0.033425477260607295
23,0,1.310017055240678,sobre,gato,nr,rctrl,lctrl,0.03337826455663162
24,0,0.9486697331640244,gallina,olla,nr,lctrl,lctrl,0.03335060740937479
25,1,1.5382882461317422,pinguino,clavo,nr,rctrl,lctrl,0.033366531220963225
26,0,0,bota,zapato,sro,,lctrl,0.033479953457572265
27,0,0.9446248056665354,cama,mono,nr,rctrl,lctrl,0.03337658836517221
28,1,1.4496409459861752,perro,gato,sra,lctrl,lctrl,0.03340592170297896
29,1,0.9278140098804215,llave,zapato,wro,rctrl,lctrl,0.03337994074627204
30,0,1.7673173545799727,canguro,mesa,nr,lctrl,lctrl,0.033380220112121606
31,0,0.9834627026621092,tortuga,tornillo,nr,lctrl,lctrl,0.03339279154261021
32,0,1.140551662292637,elefante,mesa,nr,lctrl,lctrl,0.03335619471181417
33,0,1.4688648976334662,cisne,pato,sra,rctrl,lctrl,0.03340983281395893
34,0,0,peine,tornillo,wro,,lctrl,0.03337630900023214
35,0,0,rinoceronte,tenedor,nr,,lctrl,0.03334613756760518
36,0,1.2466581646549457,pinza,mesa,wro,lctrl,lctrl,0.033366251856023155
37,0,0.79143913542066,regla,clavo,wro,lctrl,lctrl,0.0332475216828243
38,1,1.334748690127526,sombrero,tenedor,wro,rctrl,lctrl,0.03334194709077565
39,1,0.9174051450672778,silla,mesa,sro,rctrl,lctrl,0.03354392806886608
40,0,0.9486063172826107,oveja,cabra,sra,rctrl,lctrl,0.033383851858161506
41,0,0,conejo,clavo,nr,,lctrl,0.03340759789261938
42,1,1.128494822666653,zorrino,zorro,sra,lctrl,lctrl,0.033443635992625786
43,0,1.1299142768148158,hormiga,pato,wra,rctrl,lctrl,0.033375191539562366
44,0,1.294330424677355,lapiz,zorro,nr,rctrl,lctrl,0.033360385188643704
45,0,1.08923424625209,ciervo,tenedor,nr,lctrl,lctrl,0.03336234074413369
46,1,1.15882716937449,tijera,leon,nr,lctrl,lctrl,0.03335088677431486
47,1,1.9029379432295173,media,olla,wro,rctrl,lctrl,0.033380499477061676
48,0,0,tigre,leon,sra,,lctrl,0.03337351534901245
49,0,0.9562567309531005,cuchillo,tenedor,sro,lctrl,lctrl,0.033376308999322646
50,0,0,martillo,clavo,sro,,lctrl,0.033422404244447534
51,0,0,destornillador,tornillo,sro,,lctrl,0.033272385177951946
52,1,1.233842848741915,pipa,cigarrillo,sro,rctrl,lctrl,0.03338636614353163
53,1,1.73064174357296,sapo,cebra,wra,lctrl,lctrl,0.033381616936821956
54,0,0.842372145063564,oso,olla,nr,lctrl,lctrl,0.03352604870178766
55,1,1.153767029049959,burro,caballo,sra,lctrl,lctrl,0.03338217566761159
56,0,0,raton,cabra,wra,,lctrl,0.033359547093823494
57,1,1.0257731080346275,jirafa,cebra,sra,lctrl,lctrl,0.03339893757492973
58,1,1.0035744766437347,escarabajo,leon,wra,lctrl,lctrl,0.03335870899809379
59,1,0.9993395808687637,botella,vaso,sro,rctrl,lctrl,0.03339642328774062
60,1,0.8698359707723284,bowl,caballo,nr,lctrl,lctrl,0.03340592170206946
61,0,0,ardilla,vaso,nr,,lctrl,0.033375750269442506
62,1,0.8292833307023102,jarra,cabra,nr,lctrl,lctrl,0.03338468995389121
63,0,0,candado,cebra,nr,,lctrl,0.033383293128281366
64,1,1.9261534636389115,puerta,mono,nr,lctrl,lctrl,0.03313745182731509
65,1,0.8992131681543469,tigre,leon,sra,lctrl,lctrl,0.033372956618222815
66,1,0.7407192813607253,pava,zorro,nr,lctrl,lctrl,0.033369883602063055
67,1,0.6304812483149362,escarabajo,leon,wra,lctrl,lctrl,0.03344447408835549
68,1,1.0003796571909334,hormiga,pato,wra,lctrl,lctrl,0.03344726773957518
69,1,0.8965466281324552,sarten,olla,sro,rctrl,lctrl,0.033384410588041646
70,0,0.8012672001605097,canguro,mesa,nr,lctrl,lctrl,0.03340675979779917
71,1,1.8367345570459293,gallina,olla,nr,rctrl,lctrl,0.03335004867949465
72,1,0.924976219043856,burro,caballo,sra,lctrl,lctrl,0.03351180108165863
73,0,0.9630053540322479,avestruz,zapato,nr,lctrl,lctrl,0.03338245503255166
74,0,0,tijera,leon,nr,,lctrl,0.03336206137919362
75,1,1.0480295680035852,mosca,zorro,wra,lctrl,lctrl,0.03338776297005097
76,0,1.323007533080272,silla,mesa,sro,lctrl,lctrl,0.03337155979261297
77,1,1.214375290714088,sapo,cebra,wra,lctrl,lctrl,0.0333793820163919
78,1,0.5954932819677197,sobre,gato,nr,lctrl,lctrl,0.033359547093823494
79,0,1.1137130557090131,conejo,clavo,nr,lctrl,lctrl,0.033243889935874904
80,0,1.3451282216037725,gorila,mono,sra,rctrl,lctrl,0.03337351534901245
81,0,0.865649684526943,elefante,mesa,nr,lctrl,lctrl,0.03317991532458109
82,0,1.097700406057811,candado,cebra,nr,rctrl,lctrl,0.033325743915156636
83,0,1.016926732308093,rinoceronte,tenedor,nr,lctrl,lctrl,0.03358499474143173
84,0,0,bowl,caballo,nr,,lctrl,0.03339167408194044
85,1,1.2391083224265458,cuchara,cigarrillo,wro,rctrl,lctrl,0.0333911153511508
86,0,0.8185048658424421,pinguino,clavo,nr,lctrl,lctrl,0.03341262646517862
87,0,0.7853285822639009,ventana,cebra,nr,rctrl,lctrl,0.03339139471609087
88,0,0.8448414533140749,puerta,mono,nr,rctrl,lctrl,0.033428829641707125
89,0,1.176643120843437,taza,cabra,nr,rctrl,lctrl,0.033375470904502436
90,0,0.9860554902934382,cisne,pato,sra,rctrl,lctrl,0.03335256296577427
91,0,1.4134517096445052,martillo,clavo,sro,lctrl,lctrl,0.03337547090541193
92,1,1.0893348176932705,abeja,gato,wra,lctrl,lctrl,0.03339139471609087
93,0,1.5789707909807476,pinza,mesa,wro,lctrl,lctrl,0.033381058206941816
94,1,1.1923345006134696,copa,pato,nr,lctrl,lctrl,0.033326582009976846
95,0,1.2338498328690548,ardilla,vaso,nr,lctrl,lctrl,0.03340759789261938
96,1,0.7905029829216801,raton,cabra,wra,lctrl,lctrl,0.03340089313041972
97,1,0.7715991836948888,perro,gato,sra,lctrl,lctrl,0.033246962952034664
98,0,1.1877277698704347,cama,mono,nr,rctrl,lctrl,0.033416816942008154
99,0,0.8856064108704231,chancho,tornillo,nr,lctrl,lctrl,0.033098899441938556
100,0,1.475103679377753,cuchillo,tenedor,sro,lctrl,lctrl,0.033357032807543874
101,1,0.6971888885318549,media,olla,wro,rctrl,lctrl,0.033295293116680114
102,0,1.2323384675992202,peine,tornillo,wro,lctrl,lctrl,0.03335675344169431
103,0,0.6976939806590963,camello,zapato,nr,lctrl,lctrl,0.03337379471395252
104,0,0.8029081908453009,pincel,pato,nr,rctrl,lctrl,0.033359267728883424
105,0,1.2722929869578365,regla,clavo,wro,lctrl,lctrl,0.03340675979779917
106,0,0.8353651092520522,tortuga,tornillo,nr,lctrl,lctrl,0.03338022011121211
107,1,0.9899663225351105,oveja,cabra,sra,lctrl,lctrl,0.03342212487859797
108,0,0.8489950538405537,aguila,mono,wra,rctrl,lctrl,0.033548118545695615
109,1,1.6965312630518383,mariposa,vaso,nr,rctrl,lctrl,0.033388601065780676
110,0,0.6305401943545803,oso,olla,nr,lctrl,lctrl,0.03338915979566082
111,0,0.7320276739083056,cocodrilo,cigarrillo,nr,lctrl,lctrl,0.033363458204803464
112,0,0.6849440361838788,pipa,cigarrillo,sro,lctrl,lctrl,0.033419610593227844
113,1,1.0646593351948468,escritorio,leon,nr,lctrl,lctrl,0.033426594720367575
114,1,0.8432197388210625,botella,vaso,sro,rctrl,lctrl,0.033378543920662196
115,1,0.779052924323878,hacha,vaso,wro,rctrl,lctrl,0.033384131223101576
116,1,0.9269876478711012,sombrero,tenedor,wro,rctrl,lctrl,0.03338692487523076
117,1,0.877046384386631,zorrino,zorro,sra,lctrl,lctrl,0.033366251856023155
118,1,0.8731567838922274,ciervo,tenedor,nr,rctrl,lctrl,0.033383572493221436
119,0,0.8095305408924105,lapiz,zorro,nr,rctrl,lctrl,0.03344698837463511
120,0,0.842392538716922,gallo,cigarrillo,nr,lctrl,lctrl,0.03336792804657307
121,0,0.7672103577415328,tuerca,gato,nr,rctrl,lctrl,0.033354797886204324
122,0,0.7470739996279008,jarra,cabra,nr,rctrl,lctrl,0.03338692487432127
123,1,0.7079494740246446,arana,caballo,wra,lctrl,lctrl,0.0333631788389539
124,0,0,llave,zapato,wro,,lctrl,0.03341290583011869
125,0,1.0343638646809268,serrucho,caballo,nr,rctrl,lctrl,0.033354518521264254
126,0,1.0436904690404845,destornillador,tornillo,sro,lctrl,lctrl,0.033380778842001746
127,0,1.090424900371545,jirafa,cebra,sra,rctrl,lctrl,0.03336457566547324
128,0,0.9043872894462766,bota,zapato,sro,lctrl,lctrl,0.03339027725633059
LIKERT postobjetiva,1

LIKERT_SIMILITUD
tigre,leon,5
pava,zorro,1
escarabajo,leon,3
hormiga,pato,4
sarten,olla,7
canguro,mesa,1
gallina,olla,2
burro,caballo,7
avestruz,zapato,2
tijera,leon,1
mosca,zorro,3
silla,mesa,4
sapo,cebra,1
sobre,gato,1
conejo,clavo,1
gorila,mono,6
elefante,mesa,1
candado,cebra,1
rinoceronte,tenedor,1
bowl,caballo,1
cuchara,cigarrillo,6
pinguino,clavo,3
ventana,cebra,1
puerta,mono,1
taza,cabra,1
cisne,pato,6
martillo,clavo,3
abeja,gato,1
pinza,mesa,1
copa,pato,1
ardilla,vaso,1
raton,cabra,3
perro,gato,3
cama,mono,1
chancho,tornillo,1
cuchillo,tenedor,5
media,olla,1
peine,tornillo,3
camello,zapato,1
pincel,pato,1
regla,clavo,3
tortuga,tornillo,1
oveja,cabra,4
aguila,mono,2
mariposa,vaso,1
oso,olla,1
cocodrilo,cigarrillo,1
pipa,cigarrillo,6
escritorio,leon,1
botella,vaso,6
hacha,vaso,1
sombrero,tenedor,1
zorrino,zorro,3
ciervo,tenedor,1
lapiz,zorro,1
gallo,cigarrillo,1
tuerca,gato,1
jarra,cabra,1
arana,caballo,1
llave,zapato,1
serrucho,caballo,1
destornillador,tornillo,5
jirafa,cebra,3
bota,zapato,4
Tiempo Bloque 1,32.64017829081604
Tiempo Bloque 2,201.19287730703172
Tiempo Bloque 3,201.6514213398632
Tiempo Bloque 4,200.7115940713138
Tiempo Bloque 5,199.1190869230586
Tiempo Bloque 6,39.72700720342982
Tiempo Bloque 7,41.768525049970776
Tiempo Bloque 8,252.1049708831706
Tiempo Bloque 9,226.74286676099837
Tiempo Total,1959.9044504259618
