Nombre,317
Apellido,9_20
Edad,20
Sexo,Femenino
Antecendente neurologico?,No
Toma alguna medicacion?,No
Trabaja?,No
Horas de sueño la noche anterior?,5
Dibujar,Alta preferencia de mano derecha
Arrojar un objeto,Alta preferencia de mano derecha
Escribir,Alta preferencia de mano derecha
Usar tijeras,Alta preferencia de mano derecha
Usa un cepillo de diente,Alta preferencia de mano derecha
Usar una cuchara,Preferencia moderada de mano derecha
Usar una escoba (La mano que va arriba),Preferencia moderada de mano derecha
Encender un fósforo,Alta preferencia de mano derecha
Abrir una caja (La mano que abre la caja),Preferencia moderada de mano derecha
SYSTEM
System,Windows
Node,u-76627f80a4294
Release,XP
Version,5.1.2600
Machine,x86
Processor,"x86 Family 18 Model 1 Stepping 0, AuthenticAMD"
Screen Width,1280
Screen Height,720
""
Estimulos
Imagenes
ETAPA DE TEST
Num Trial,"Calidad respuesta (1:correcto, 0:error)",Tiempo Resp,Prime,Target,Categoria,Tecla presionada (vacio si no se presiono),Tecla para responder afirmativamente,Tiempo de aparicion del prime
-9,1,0.9255503143554051,mapache,violin,sro,lctrl,rctrl,0.033383572493221436
-8,1,0.5434193451960709,pavo,rueda,sro,lctrl,rctrl,0.033363178839863394
-7,1,0.5258226953428675,violin,mapache,sra,rctrl,rctrl,0.03336122328391866
-6,1,0.4500382031792469,serpiente,hilo,sro,lctrl,rctrl,0.033384689953436464
-5,1,0.4225349869884667,hilo,serpiente,sra,rctrl,rctrl,0.03337463280922748
-4,1,0.4836799090385284,serpiente,hilo,sro,lctrl,rctrl,0.03338915979520607
-3,1,0.4234356601186846,serpiente,hilo,sro,lctrl,rctrl,0.03337379471395252
-2,1,0.49752831714658896,pavo,rueda,sro,lctrl,rctrl,0.033437489960306266
-1,1,0.4766083398867522,mapache,violin,sro,lctrl,rctrl,0.033384410588496394
0,1,0.5020688383583547,hilo,pavo,sra,rctrl,rctrl,0.03339418836731056
1,1,0.47719472726294043,candado,cebra,nr,rctrl,rctrl,0.03335200423589413
2,1,0.42441930468794453,copa,pato,nr,rctrl,rctrl,0.0332430518401452
3,1,0.44945907929650275,aguila,mono,wra,rctrl,rctrl,0.033380778842001746
4,1,0.4359079156711232,tuerca,gato,nr,rctrl,rctrl,0.033367648681633
5,1,0.4887439604754036,canguro,mesa,nr,lctrl,rctrl,0.03335256296577427
6,1,0.35136895890354936,silla,mesa,sro,lctrl,rctrl,0.033386086779501056
7,1,0.4367630522874606,llave,zapato,wro,lctrl,rctrl,0.033323229628877016
8,1,0.5476830155785137,gallo,cigarrillo,nr,lctrl,rctrl,0.03336094391943334
9,1,0.4222461234594448,jirafa,cebra,sra,rctrl,rctrl,0.033542531243256235
10,1,0.37243280919847166,pipa,cigarrillo,sro,lctrl,rctrl,0.033430785198106605
11,1,0.4435535801339938,tigre,leon,sra,rctrl,rctrl,0.03343916615085618
12,1,0.5520212764477037,cuchara,cigarrillo,wro,lctrl,rctrl,0.033074315310841484
13,1,0.43800343339717074,escarabajo,leon,wra,rctrl,rctrl,0.033422962974327675
14,1,0.3785014575878449,media,olla,wro,lctrl,rctrl,0.03334613756760518
15,1,0.4303063657534949,martillo,clavo,sro,lctrl,rctrl,0.03352102012922842
16,1,0.4333964232882863,bota,zapato,sro,lctrl,rctrl,0.03337407407889259
17,1,0.44290405624178675,peine,tornillo,wro,lctrl,rctrl,0.033366810585903295
18,1,0.37679174308414076,chancho,tornillo,nr,lctrl,rctrl,0.03337100106273283
19,1,0.4218829488108895,sarten,olla,sro,lctrl,rctrl,0.033375191539562366
20,1,0.4320230643834293,burro,caballo,sra,rctrl,rctrl,0.033377147095961845
21,1,0.4200491961964872,camello,zapato,nr,lctrl,rctrl,0.03336234074413369
22,1,0.3616926173581305,tortuga,tornillo,nr,lctrl,rctrl,0.03337323598407238
23,0,0.3394456558025922,cama,mono,nr,lctrl,rctrl,0.033375191539562366
24,1,0.4750952984250034,destornillador,tornillo,sro,lctrl,rctrl,0.03334082963101537
25,1,0.588120277856433,avestruz,zapato,nr,lctrl,rctrl,0.033194162944710115
26,1,0.47775066384110687,jarra,cabra,nr,rctrl,rctrl,0.03340340741669934
27,1,0.47567386357786745,mosca,zorro,wra,rctrl,rctrl,0.03339586455876997
28,1,0.4296506958289683,raton,cabra,wra,rctrl,rctrl,0.03337100106273283
29,1,0.44534207559900096,elefante,mesa,nr,lctrl,rctrl,0.03339642328865011
30,1,0.4340945567100789,ventana,cebra,nr,rctrl,rctrl,0.03343302011853666
31,1,0.5262730319082038,ciervo,tenedor,nr,lctrl,rctrl,0.03343832805603597
32,1,0.5078293470260178,pava,zorro,nr,rctrl,rctrl,0.033375191539562366
33,1,0.5061699182433586,hormiga,pato,wra,rctrl,rctrl,0.033381058206941816
34,1,0.43270527399454295,hacha,vaso,wro,lctrl,rctrl,0.03337826455663162
35,1,0.4786703337995277,cuchillo,tenedor,sro,lctrl,rctrl,0.033267635970332776
36,1,0.43099220710973896,taza,cabra,nr,rctrl,rctrl,0.03333133121668652
37,1,0.5851606838305088,ardilla,vaso,nr,lctrl,rctrl,0.03345257567707449
38,1,0.42940848627404193,oveja,cabra,sra,rctrl,rctrl,0.03335116614016442
39,1,0.5487236506323825,tijera,leon,nr,rctrl,rctrl,0.03340033439963008
40,1,0.4979149584651168,cisne,pato,sra,rctrl,rctrl,0.03341178837035841
41,1,0.48738233490530547,abeja,gato,wra,rctrl,rctrl,0.03310253118706896
42,1,0.44281186575426545,pincel,pato,nr,rctrl,rctrl,0.0333874836051109
43,1,0.4698532914098905,conejo,clavo,nr,lctrl,rctrl,0.03334921058376494
44,1,0.5629718302179754,arana,caballo,wra,rctrl,rctrl,0.03336094391943334
45,1,0.4627708270181756,serrucho,caballo,nr,rctrl,rctrl,0.03344866456518503
46,1,0.47531013019852253,lapiz,zorro,nr,rctrl,rctrl,0.03337826455663162
47,1,0.4374338079287554,bowl,caballo,nr,rctrl,rctrl,0.03338860106487118
48,1,0.4440938722664214,perro,gato,sra,rctrl,rctrl,0.03338860106487118
49,1,0.5185977547425864,puerta,mono,nr,rctrl,rctrl,0.033383851858161506
50,1,0.38978166219476407,regla,clavo,wro,lctrl,rctrl,0.033375191539562366
51,1,0.4079420708494581,sombrero,tenedor,wro,lctrl,rctrl,0.033367089950843365
52,1,0.41548185593455855,gorila,mono,sra,rctrl,rctrl,0.03310448674346844
53,1,0.5358865442394745,cocodrilo,cigarrillo,nr,lctrl,rctrl,0.033354797886204324
54,1,0.43865994141742704,sobre,gato,nr,rctrl,rctrl,0.03327853120936197
55,1,0.4231093616645012,pinza,mesa,wro,lctrl,rctrl,0.033358429632244224
56,1,0.5394191161167328,botella,vaso,sro,lctrl,rctrl,0.03335898836303386
57,1,0.6702466374918004,escritorio,leon,nr,rctrl,rctrl,0.03339335027158086
58,1,0.4214759138385489,oso,olla,nr,lctrl,rctrl,0.0334028486859097
59,1,0.5064381087540824,gallina,olla,nr,lctrl,rctrl,0.03340955344901886
60,1,0.49162924338179437,zorrino,zorro,sra,rctrl,rctrl,0.033303953435279254
61,1,0.4240762443278072,pinguino,clavo,nr,lctrl,rctrl,0.033383851858161506
62,1,0.4889188430370268,sapo,cebra,wra,rctrl,rctrl,0.03352353441550804
63,1,0.41494826856433065,rinoceronte,tenedor,nr,lctrl,rctrl,0.03338943916060089
64,1,0.4073199247386583,mariposa,vaso,nr,lctrl,rctrl,0.033422124879507464
65,1,0.4729419521190721,gallina,olla,nr,lctrl,rctrl,0.03337994074627204
66,1,0.3651846812936128,pipa,cigarrillo,sro,lctrl,rctrl,0.033386366144441126
67,1,0.38974478599902795,raton,cabra,wra,rctrl,rctrl,0.03338049947615218
68,1,0.3998955174465664,cuchara,cigarrillo,wro,lctrl,rctrl,0.03338245503255166
69,1,0.3797569244143233,tigre,leon,sra,rctrl,rctrl,0.033436372500545986
70,1,0.41058737912226206,jirafa,cebra,sra,rctrl,rctrl,0.033376029634382576
71,1,0.409321017055845,conejo,clavo,nr,lctrl,rctrl,0.033265121684053156
72,1,0.4446816564677647,llave,zapato,wro,lctrl,rctrl,0.033367089950843365
73,1,0.34602777727286593,martillo,clavo,sro,lctrl,rctrl,0.03343497567493614
74,1,0.4315012103488698,escarabajo,leon,wra,rctrl,rctrl,0.033374074079802085
75,1,0.4628359190901392,zorrino,zorro,sra,rctrl,rctrl,0.03337267725419224
76,1,0.8188347960422107,serrucho,caballo,nr,rctrl,rctrl,0.03338720423926134
77,1,0.5446119548714705,taza,cabra,nr,rctrl,rctrl,0.03336736931669293
78,1,0.3693606310298492,avestruz,zapato,nr,lctrl,rctrl,0.03340843598834908
79,1,0.4336347217313232,camello,zapato,nr,lctrl,rctrl,0.03335172487004456
80,1,0.48307396610471187,sapo,cebra,wra,rctrl,rctrl,0.033379940747181536
81,1,0.3609877791732288,bota,zapato,sro,lctrl,rctrl,0.033378543920662196
82,1,0.37022861844252475,cisne,pato,sra,rctrl,rctrl,0.033355356616084464
83,1,0.3708384724868665,destornillador,tornillo,sro,lctrl,rctrl,0.03335898836303386
84,1,0.35560972134771873,escritorio,leon,nr,rctrl,rctrl,0.03340983281395893
85,1,0.3223487901395856,media,olla,wro,lctrl,rctrl,0.03338217566761159
86,1,0.3366265824288348,gorila,mono,sra,rctrl,rctrl,0.0333992169398698
87,1,0.36527268130430457,peine,tornillo,wro,lctrl,rctrl,0.03426273450895678
88,1,0.40801666133484105,rinoceronte,tenedor,nr,lctrl,rctrl,0.033547839180755545
89,1,0.4206962058024146,pinguino,clavo,nr,lctrl,rctrl,0.03337602963529207
90,1,0.30945692818568205,chancho,tornillo,nr,lctrl,rctrl,0.033434696309086576
91,1,0.4631800969118558,pincel,pato,nr,rctrl,rctrl,0.033360943918523844
92,1,0.39557122483438434,tuerca,gato,nr,rctrl,rctrl,0.03363192808046733
93,1,0.47801187022378144,hormiga,pato,wra,rctrl,rctrl,0.033353959791384113
94,1,0.44004866540308285,candado,cebra,nr,rctrl,rctrl,0.033363737569743535
95,1,0.6571960961518926,oso,olla,nr,lctrl,rctrl,0.03354839791154518
96,1,0.4734395013892936,elefante,mesa,nr,lctrl,rctrl,0.033367648681633
97,1,0.3807531404127076,burro,caballo,sra,rctrl,rctrl,0.033374912174622295
98,1,0.36507768445426336,canguro,mesa,nr,lctrl,rctrl,0.03339335027249035
99,1,0.3627681730495169,pinza,mesa,wro,lctrl,rctrl,0.03338468995389121
100,1,0.3801748546256931,sarten,olla,sro,lctrl,rctrl,0.033355077251144394
101,1,0.4067123056138371,pava,zorro,nr,rctrl,rctrl,0.03339809947920003
102,1,0.4229585045022759,ventana,cebra,nr,rctrl,rctrl,0.033362899474923324
103,1,0.4368812237316888,tijera,leon,nr,rctrl,rctrl,0.03335926772797393
104,1,0.44368767538890097,jarra,cabra,nr,rctrl,rctrl,0.03336820741151314
105,1,0.37846877186893835,tortuga,tornillo,nr,lctrl,rctrl,0.03340117249535979
106,1,0.35097086361565744,gallo,cigarrillo,nr,lctrl,rctrl,0.033388601065780676
107,1,0.4137749350820741,ardilla,vaso,nr,lctrl,rctrl,0.03335004867949465
108,1,0.42629915254565276,perro,gato,sra,rctrl,rctrl,0.03337714709505235
109,1,0.41060916960122995,botella,vaso,sro,lctrl,rctrl,0.033383013763341296
110,1,0.399121396713781,mosca,zorro,wra,rctrl,rctrl,0.03334474074199534
111,1,0.3979223616406671,regla,clavo,wro,lctrl,rctrl,0.033380778842001746
112,1,0.340045452704544,arana,caballo,wra,rctrl,rctrl,0.03345313440695463
113,1,0.36351631282741437,cuchillo,tenedor,sro,lctrl,rctrl,0.03331931851698755
114,1,0.4795313370832446,aguila,mono,wra,rctrl,rctrl,0.033366810585903295
115,1,0.47169682180265227,sobre,gato,nr,rctrl,rctrl,0.033375750270352
116,1,0.36193789992830716,hacha,vaso,wro,lctrl,rctrl,0.03340536297218932
117,1,0.4121663507512494,silla,mesa,sro,lctrl,rctrl,0.03338552804871142
118,1,0.3763581684261226,oveja,cabra,sra,rctrl,rctrl,0.033386086779501056
119,1,0.3946730659899913,cocodrilo,cigarrillo,nr,lctrl,rctrl,0.03339418836731056
120,1,0.40145158113682555,bowl,caballo,nr,rctrl,rctrl,0.03335842963315372
121,1,0.41792658005397243,ciervo,tenedor,nr,lctrl,rctrl,0.03338217566761159
122,1,0.4983130537539182,abeja,gato,wra,rctrl,rctrl,0.03340005503469001
123,1,0.4398547860137114,copa,pato,nr,rctrl,rctrl,0.03340312805084977
124,1,0.4206221740478213,lapiz,zorro,nr,rctrl,rctrl,0.03339223281091108
125,1,0.4030079241911153,mariposa,vaso,nr,lctrl,rctrl,0.03339949630390038
126,1,0.43112490553903626,cama,mono,nr,rctrl,rctrl,0.03316259468738281
127,1,0.5250737174692404,puerta,mono,nr,rctrl,rctrl,0.033408994718229224
128,1,0.3792096481538465,sombrero,tenedor,wro,lctrl,rctrl,0.03316035976695275
129,1,0.5211726630059275,serrucho,caballo,nr,rctrl,rctrl,0.033432182022806956
130,1,0.4191711516414216,candado,cebra,nr,rctrl,rctrl,0.033316524864858366
131,1,0.3425723101681797,jirafa,cebra,sra,rctrl,rctrl,0.033377147095961845
132,1,0.37474651107822865,ardilla,vaso,nr,lctrl,rctrl,0.03336876614139328
133,1,0.33182010562813957,sobre,gato,nr,rctrl,rctrl,0.03340564233712939
134,1,0.3265470890855795,oso,olla,nr,lctrl,rctrl,0.03335368042644404
135,1,0.33227016282762634,pinguino,clavo,nr,lctrl,rctrl,0.03341905186243821
136,1,0.3793443021386338,canguro,mesa,nr,lctrl,rctrl,0.03340368678163941
137,1,0.34032872893021704,pinza,mesa,wro,lctrl,rctrl,0.033383293128281366
138,1,0.3827964168631297,zorrino,zorro,sra,rctrl,rctrl,0.033364855031322804
139,1,0.4639402493894522,raton,cabra,wra,rctrl,rctrl,0.0334218455136579
140,1,0.4093299567402937,cuchara,cigarrillo,wro,lctrl,rctrl,0.03340508360633976
141,0,0.39332149756501167,tortuga,tornillo,nr,rctrl,rctrl,0.033371280428582395
142,1,0.47226672663691716,sapo,cebra,wra,rctrl,rctrl,0.03331037883344834
143,1,0.485827109310776,cama,mono,nr,rctrl,rctrl,0.03338804233499104
144,1,0.42267997748240305,burro,caballo,sra,rctrl,rctrl,0.03313493754103547
145,1,0.5031611559561497,camello,zapato,nr,lctrl,rctrl,0.033431343927986745
146,1,0.4440955484569713,silla,mesa,sro,lctrl,rctrl,0.03338441058895114
147,1,0.523595876012223,abeja,gato,wra,rctrl,rctrl,0.03340620106700953
148,1,0.4276197114440947,peine,tornillo,wro,lctrl,rctrl,0.03341569948133838
149,1,0.46508760191591136,regla,clavo,wro,lctrl,rctrl,0.0333486518538848
150,1,0.41648533542684163,puerta,mono,nr,rctrl,rctrl,0.033355077251144394
151,1,0.40110405093400914,cocodrilo,cigarrillo,nr,lctrl,rctrl,0.0333486518538848
152,1,0.3596040837592227,conejo,clavo,nr,lctrl,rctrl,0.033386086779501056
153,1,0.42418352053118724,mariposa,vaso,nr,lctrl,rctrl,0.03347548361580266
154,1,0.5569967691417332,taza,cabra,nr,rctrl,rctrl,0.03346542647250317
155,1,0.45208343518515903,bowl,caballo,nr,rctrl,rctrl,0.03335675344169431
156,1,0.42292190767238935,sarten,olla,sro,lctrl,rctrl,0.03365343919449515
157,1,0.5149897542842155,aguila,mono,wra,rctrl,rctrl,0.033380778842001746
158,1,0.4715420535285375,lapiz,zorro,nr,rctrl,rctrl,0.03340424551151955
159,1,0.4284958004445798,cuchillo,tenedor,sro,lctrl,rctrl,0.03358331854997232
160,1,0.46096445218609006,botella,vaso,sro,lctrl,rctrl,0.033360385188643704
161,1,0.5096147694748652,escarabajo,leon,wra,rctrl,rctrl,0.03337295661913231
162,1,0.4740658379769229,tijera,leon,nr,rctrl,rctrl,0.033353959791384113
163,0,0.36862478331750026,tuerca,gato,nr,lctrl,rctrl,0.033362899474923324
164,1,0.5286604861794331,arana,caballo,wra,rctrl,rctrl,0.03364561697071622
165,1,0.49315653246503643,pava,zorro,nr,rctrl,rctrl,0.033380220112121606
166,1,0.4568689596017066,tigre,leon,sra,rctrl,rctrl,0.0333955851938299
167,1,0.44025204320678313,destornillador,tornillo,sro,lctrl,rctrl,0.033378264555722126
168,1,0.5046060323311394,oveja,cabra,sra,rctrl,rctrl,0.033485540760011645
169,1,0.4766720351335607,llave,zapato,wro,lctrl,rctrl,0.033374632809682225
170,1,0.47555010483210935,avestruz,zapato,nr,lctrl,rctrl,0.03340396614657948
171,1,0.6514372636747794,copa,pato,nr,rctrl,rctrl,0.033358150267304154
172,1,0.472045748831988,escritorio,leon,nr,rctrl,rctrl,0.033383851858161506
173,1,0.4613642236654414,hormiga,pato,wra,rctrl,rctrl,0.03338971852554096
174,1,0.6875996809658318,rinoceronte,tenedor,nr,lctrl,rctrl,0.033359547092914
175,1,0.34160654496645293,gorila,mono,sra,rctrl,rctrl,0.03336178201425355
176,1,0.3792504354605626,gallina,olla,nr,lctrl,rctrl,0.03339642328865011
177,1,0.42469000948403846,gallo,cigarrillo,nr,lctrl,rctrl,0.03339921693896031
178,1,0.3629866365699854,media,olla,wro,lctrl,rctrl,0.03338720424017083
179,1,0.4116464522721799,elefante,mesa,nr,lctrl,rctrl,0.033383851859071
180,1,0.37233978061431117,martillo,clavo,sro,lctrl,rctrl,0.033377426460901916
181,1,0.48297954069585103,jarra,cabra,nr,rctrl,rctrl,0.0333478137581551
182,1,0.4768754129363515,cisne,pato,sra,rctrl,rctrl,0.03340061376547965
183,1,0.40359263537720835,perro,gato,sra,rctrl,rctrl,0.03335675344169431
184,1,0.4494233205614364,mosca,zorro,wra,rctrl,rctrl,0.03336178201425355
185,1,0.3868237443584803,pipa,cigarrillo,sro,lctrl,rctrl,0.033374074079802085
186,1,0.42370832047072327,bota,zapato,sro,lctrl,rctrl,0.03348386456946173
187,1,0.4073098675944493,chancho,tornillo,nr,lctrl,rctrl,0.033383013763341296
188,1,0.39596680583690613,hacha,vaso,wro,lctrl,rctrl,0.03339083598621073
189,1,0.3854459156118537,sombrero,tenedor,wro,lctrl,rctrl,0.033384689952981716
190,1,0.35763036922344327,ciervo,tenedor,nr,lctrl,rctrl,0.0333793820163919
191,1,0.509484585330938,ventana,cebra,nr,rctrl,rctrl,0.03329277883130999
192,1,0.4155662241992104,pincel,pato,nr,rctrl,rctrl,0.03339949630480987
193,1,0.5246680793234191,pava,zorro,nr,rctrl,rctrl,0.033363458204803464
194,1,0.42717496218119777,ciervo,tenedor,nr,lctrl,rctrl,0.03341067090968863
195,1,0.38973500822066853,mosca,zorro,wra,rctrl,rctrl,0.033383013763341296
196,1,0.5128551254420017,sapo,cebra,wra,rctrl,rctrl,0.0333947470981002
197,1,0.38069754675507284,copa,pato,nr,rctrl,rctrl,0.03340620106791903
198,1,0.3907267543781927,avestruz,zapato,nr,lctrl,rctrl,0.03338943915969139
199,1,0.4344032551625787,pipa,cigarrillo,sro,lctrl,rctrl,0.033145553415124596
200,1,0.39850595536609035,cocodrilo,cigarrillo,nr,lctrl,rctrl,0.033380220112121606
201,1,0.4519158161165251,rinoceronte,tenedor,nr,lctrl,rctrl,0.033375470904502436
202,1,0.3478944949702054,cuchillo,tenedor,sro,lctrl,rctrl,0.0333486518538848
203,1,0.3253217936917281,cisne,pato,sra,rctrl,rctrl,0.033414861385608674
204,1,0.3966995805330953,ardilla,vaso,nr,lctrl,rctrl,0.0333874836051109
205,1,0.47382530461254646,chancho,tornillo,nr,lctrl,rctrl,0.03340536297218932
206,1,0.33309428991742607,conejo,clavo,nr,lctrl,rctrl,0.03343665186457656
207,1,0.36689383706561784,oveja,cabra,sra,rctrl,rctrl,0.03334976931455458
208,1,0.43222225171030004,destornillador,tornillo,sro,lctrl,rctrl,0.03340396614657948
209,1,0.345747015332563,arana,caballo,wra,rctrl,rctrl,0.03340173122614942
210,0,0.42773788288741343,pincel,pato,nr,lctrl,rctrl,0.03339167408194044
211,1,0.5662619131762767,candado,cebra,nr,rctrl,rctrl,0.03336569312523352
212,1,0.4492833586391498,perro,gato,sra,rctrl,rctrl,0.03339251217676065
213,1,0.42055512641945825,martillo,clavo,sro,lctrl,rctrl,0.03340815662340901
214,1,0.37452693009890936,hormiga,pato,wra,rctrl,rctrl,0.03336178201425355
215,1,0.4535297083848491,ventana,cebra,nr,rctrl,rctrl,0.03337966138133197
216,1,0.523126821984988,elefante,mesa,nr,lctrl,rctrl,0.033388880430720747
217,1,0.4759870318712274,zorrino,zorro,sra,rctrl,rctrl,0.03337966138133197
218,1,0.4034071369405865,raton,cabra,wra,rctrl,rctrl,0.033460677264884
219,1,0.3953357200425671,abeja,gato,wra,rctrl,rctrl,0.03337267725419224
220,1,0.47056567245272163,bowl,caballo,nr,rctrl,rctrl,0.03337379471395252
221,1,0.423856942711609,tijera,leon,nr,rctrl,rctrl,0.0334335788484168
222,0,0.3756010889655954,camello,zapato,nr,rctrl,rctrl,0.033179077228851384
223,1,0.4473850726835735,canguro,mesa,nr,lctrl,rctrl,0.03311649944316741
224,1,0.4596547885275868,peine,tornillo,wro,lctrl,rctrl,0.03340787725846894
225,1,0.5032111623122546,sarten,olla,sro,lctrl,rctrl,0.033428550276767055
226,1,0.5227331965370468,tigre,leon,sra,rctrl,rctrl,0.03332825820052676
227,1,0.45239772093918873,cuchara,cigarrillo,wro,lctrl,rctrl,0.03336345820571296
228,1,0.5223661107775115,jirafa,cebra,sra,rctrl,rctrl,0.033372397888342675
229,1,0.5327816803537644,tuerca,gato,nr,rctrl,rctrl,0.0333830137624318
230,1,0.5424826339658466,jarra,cabra,nr,rctrl,rctrl,0.03339782011425996
231,1,0.46629697349817434,botella,vaso,sro,lctrl,rctrl,0.033381896301762026
232,1,0.4220854885188601,bota,zapato,sro,lctrl,rctrl,0.03339139471609087
233,1,0.42965041646402824,serrucho,caballo,nr,rctrl,rctrl,0.0333983788441401
234,1,0.5110864649004725,escritorio,leon,nr,rctrl,rctrl,0.03339307090664079
235,1,0.4686171007761004,regla,clavo,wro,lctrl,rctrl,0.03340787725755945
236,1,0.5099248647529748,sombrero,tenedor,wro,lctrl,rctrl,0.03335870899809379
237,1,0.6584328455155628,cama,mono,nr,rctrl,rctrl,0.033386366144441126
238,1,0.5077678867010036,tortuga,tornillo,nr,lctrl,rctrl,0.03338441058895114
239,1,0.5494050221468569,media,olla,wro,lctrl,rctrl,0.033374074079802085
240,1,0.5572043374231725,taza,cabra,nr,rctrl,rctrl,0.0334299471023769
241,1,0.5087518106347488,lapiz,zorro,nr,rctrl,rctrl,0.03338915979566082
242,1,0.41638392588993156,pinguino,clavo,nr,lctrl,rctrl,0.033354518521264254
243,1,0.5428681578250689,burro,caballo,sra,rctrl,rctrl,0.03334948994870501
244,1,0.38768670319768717,silla,mesa,sro,lctrl,rctrl,0.03340033439963008
245,1,0.6080839883279623,gallo,cigarrillo,nr,lctrl,rctrl,0.03337658836517221
246,1,0.4971629075762394,oso,olla,nr,lctrl,rctrl,0.0333324486773563
247,1,0.4719828916804545,sobre,gato,nr,rctrl,rctrl,0.03347855663196242
248,1,0.407001169142859,hacha,vaso,wro,lctrl,rctrl,0.033305908991678734
249,1,0.40383093382024526,puerta,mono,nr,rctrl,rctrl,0.0333983788441401
250,1,0.34049299561775115,pinza,mesa,wro,lctrl,rctrl,0.03333524232857599
251,1,0.43976315425607027,gallina,olla,nr,lctrl,rctrl,0.03336178201425355
252,1,0.44624777730132337,mariposa,vaso,nr,lctrl,rctrl,0.03340005503559951
253,1,0.4859760109184208,gorila,mono,sra,rctrl,rctrl,0.033355356616084464
254,1,0.4046399751923673,llave,zapato,wro,lctrl,rctrl,0.03338161693773145
255,1,0.4314559532003841,escarabajo,leon,wra,rctrl,rctrl,0.03337072169779276
256,1,0.4051841784366843,aguila,mono,wra,rctrl,rctrl,0.03339726138347032

LIKERT preobjetiva,1

ETAPA DE VISIBILIDAD
Num Trial,"Calidad respuesta (1:correcto, 0:error)",Tiempo Resp,Prime,Target,Categoria,Tecla presionada (vacio si no se presiono),Tecla para responder afirmativamente,Tiempo de aparicion del prime
-19,0,0,hilo,pavo,sra,,rctrl,0.10013926350984548
-18,0,0.5082808010511144,serpiente,hilo,sro,rctrl,rctrl,0.10002584127323644
-17,0,0.7115996586153415,buho,carro,sro,rctrl,rctrl,0.10018452065833117
-16,0,0.5886250906187342,serpiente,hilo,sro,rctrl,rctrl,0.10016496510070283
-15,0,0.4866571030679552,hilo,pavo,sra,lctrl,rctrl,0.10018452065833117
-14,0,0.3338600296965524,violin,mapache,sra,lctrl,rctrl,0.10014932065405446
-13,0,0.3268351145188717,carro,buho,sra,lctrl,rctrl,0.10020798732784897
-12,1,0.26993877713539405,carro,buho,sra,rctrl,rctrl,0.10017809526107158
-11,0,0.19820507913664187,carro,buho,sra,lctrl,rctrl,0.10019318097693031
-10,0,0.36378450333813817,pavo,rueda,sro,rctrl,rctrl,0.10008506667782058
-9,0,0,buho,carro,sro,,rctrl,0.033382734398401226
-8,1,1.7734474632952697,mapache,violin,sro,lctrl,rctrl,0.033381058206941816
-7,0,0.677876098777233,carro,buho,sra,lctrl,rctrl,0.033371559793522465
-6,0,1.2205676978501288,hilo,pavo,sra,lctrl,rctrl,0.03367411221279326
-5,0,0.7653704590948109,carro,buho,sra,lctrl,rctrl,0.03339390900237049
-4,1,1.2085474550540312,mapache,violin,sro,lctrl,rctrl,0.03339949630480987
-3,0,1.1457634978742135,pavo,rueda,sro,rctrl,rctrl,0.03337686773011228
-2,0,1.0483712315399316,buho,carro,sro,rctrl,rctrl,0.03316874071970233
-1,0,0.5991320125876882,buho,carro,sro,rctrl,rctrl,0.03339446773225063
0,0,1.0805792356286474,carro,buho,sra,lctrl,rctrl,0.03339726138437982
1,1,1.290463452757649,tortuga,tornillo,nr,lctrl,rctrl,0.03311091214072803
2,0,1.196921117068996,zorrino,zorro,sra,lctrl,rctrl,0.03338468995389121
3,1,1.0937052055496679,cuchara,cigarrillo,wro,lctrl,rctrl,0.03368891856371192
4,1,0.9878956683041906,regla,clavo,wro,lctrl,rctrl,0.03337602963529207
5,0,1.30907000750085,escritorio,leon,nr,lctrl,rctrl,0.03338971852554096
6,0,1.373757279206984,oso,olla,nr,rctrl,rctrl,0.03347185186976276
7,0,1.2102465536818272,gallo,cigarrillo,nr,rctrl,rctrl,0.03340480424139969
8,0,1.13969624631045,pinguino,clavo,nr,rctrl,rctrl,0.033414861385608674
9,1,1.385980899806782,burro,caballo,sra,rctrl,rctrl,0.03334194709077565
10,1,1.5790353243219215,hormiga,pato,wra,rctrl,rctrl,0.033371559793522465
11,1,1.4937462722209602,cuchillo,tenedor,sro,lctrl,rctrl,0.033383293128281366
12,0,1.7751384603352562,puerta,mono,nr,lctrl,rctrl,0.033371001063642325
13,0,1.745982520124926,elefante,mesa,nr,rctrl,rctrl,0.033426594720367575
14,0,0,pinza,mesa,wro,,rctrl,0.03368891856371192
15,1,1.2421623418613308,aguila,mono,wra,rctrl,rctrl,0.03345425186762441
16,1,1.6329765375212446,pava,zorro,nr,rctrl,rctrl,0.03337602963529207
17,0,1.898027821971482,ardilla,vaso,nr,rctrl,rctrl,0.03338468995389121
18,1,1.7223485107742817,pipa,cigarrillo,sro,lctrl,rctrl,0.03336848677645321
19,0,1.925158365099378,oveja,cabra,sra,lctrl,rctrl,0.03335060740937479
20,1,1.8121205348725198,copa,pato,nr,rctrl,rctrl,0.03342072805389762
21,0,1.4877938397203252,tuerca,gato,nr,lctrl,rctrl,0.03342324234017724
22,0,0,conejo,clavo,nr,,rctrl,0.033359826458763564
23,1,1.4342853630842,jarra,cabra,nr,rctrl,rctrl,0.033367089950843365
24,0,0,abeja,gato,wra,,rctrl,0.03337882328651176
25,0,0,sobre,gato,nr,,rctrl,0.033374912174622295
26,0,1.4825152358744162,bowl,caballo,nr,lctrl,rctrl,0.03314303912975447
27,1,1.827233349490598,sapo,cebra,wra,rctrl,rctrl,0.03338999789139052
28,0,0,sombrero,tenedor,wro,,rctrl,0.03339670265359018
29,1,1.7342352170453523,cisne,pato,sra,rctrl,rctrl,0.03338832169993111
30,0,0,candado,cebra,nr,,rctrl,0.03335340106059448
31,1,0.9651709924028182,raton,cabra,wra,rctrl,rctrl,0.03346095663073356
32,0,0,tigre,leon,sra,,rctrl,0.03336150264931348
33,1,1.3300168038113043,lapiz,zorro,nr,rctrl,rctrl,0.03340480424230918
34,0,1.5455106724457437,rinoceronte,tenedor,nr,rctrl,rctrl,0.0333793820163919
35,0,1.761655461798,silla,mesa,sro,rctrl,rctrl,0.03315393436787417
36,0,1.6544555243754075,taza,cabra,nr,lctrl,rctrl,0.03337686773011228
37,1,1.4573505850603397,botella,vaso,sro,lctrl,rctrl,0.0333874836051109
38,0,0,ciervo,tenedor,nr,,rctrl,0.03338999789048103
39,0,1.5856881251665982,ventana,cebra,nr,lctrl,rctrl,0.03338189630267152
40,0,1.510609588648549,sarten,olla,sro,rctrl,rctrl,0.03340424551151955
41,0,1.6440061516204878,chancho,tornillo,nr,rctrl,rctrl,0.0334064804328591
42,0,0,martillo,clavo,sro,,rctrl,0.03340620106791903
43,1,1.5976910473254975,escarabajo,leon,wra,rctrl,rctrl,0.033380220112121606
44,1,1.696339618582897,llave,zapato,wro,lctrl,rctrl,0.03332937566028704
45,0,1.3550901022335893,pincel,pato,nr,lctrl,rctrl,0.0333405502651658
46,1,1.9718941932569578,gorila,mono,sra,rctrl,rctrl,0.03335256296577427
47,0,1.5879294714832213,serrucho,caballo,nr,lctrl,rctrl,0.03335284233071434
48,1,1.7471745710699906,hacha,vaso,wro,lctrl,rctrl,0.03278265813150938
49,0,1.6714967963807794,peine,tornillo,wro,rctrl,rctrl,0.03340983281395893
50,0,0,destornillador,tornillo,sro,,rctrl,0.03338468995389121
51,1,1.3895743732791743,avestruz,zapato,nr,lctrl,rctrl,0.03337379471395252
52,1,1.5391702017996067,jirafa,cebra,sra,rctrl,rctrl,0.03362354712680826
53,0,1.7116474300510163,camello,zapato,nr,rctrl,rctrl,0.03315588992427365
54,1,1.6241583776709376,arana,caballo,wra,rctrl,rctrl,0.033414302655728534
55,0,1.5329247152922107,cama,mono,nr,lctrl,rctrl,0.03334446137705527
56,1,1.9664496465338743,bota,zapato,sro,lctrl,rctrl,0.033377147095961845
57,0,1.5565567690864555,gallina,olla,nr,rctrl,rctrl,0.0333369185191259
58,0,1.5274801685691273,cocodrilo,cigarrillo,nr,rctrl,rctrl,0.033477439171292644
59,1,1.350677530244866,canguro,mesa,nr,lctrl,rctrl,0.03340815662340901
60,0,1.6453146978174118,media,olla,wro,rctrl,rctrl,0.0334335788484168
61,1,1.6444416818330865,perro,gato,sra,rctrl,rctrl,0.0333486518538848
62,0,1.606824889755444,mariposa,vaso,nr,rctrl,rctrl,0.03340675979779917
63,0,1.5698964533203252,mosca,zorro,wra,lctrl,rctrl,0.03337630900023214
64,0,1.503720724282175,tijera,leon,nr,lctrl,rctrl,0.03337966138133197
65,0,1.364455258977614,tortuga,tornillo,nr,rctrl,rctrl,0.03340340741578984
66,0,1.5746853301188821,cama,mono,nr,lctrl,rctrl,0.03341877249749814
67,0,1.7016271621114356,cocodrilo,cigarrillo,nr,rctrl,rctrl,0.033411229639568774
68,0,1.3562768452411547,pinguino,clavo,nr,rctrl,rctrl,0.033326023280096706
69,0,1.4436991293587198,avestruz,zapato,nr,rctrl,rctrl,0.03339362963743042
70,0,1.3284906321896415,media,olla,wro,rctrl,rctrl,0.03338022011121211
71,1,1.307264470764494,arana,caballo,wra,rctrl,rctrl,0.03337966138133197
72,1,1.5280847146768792,bota,zapato,sro,lctrl,rctrl,0.033383013763341296
73,0,1.941318240167675,bowl,caballo,nr,lctrl,rctrl,0.03334837248803524
74,0,1.682267159652838,camello,zapato,nr,rctrl,rctrl,0.03339865820908017
75,0,1.9362310014257673,conejo,clavo,nr,rctrl,rctrl,0.033366810585903295
76,0,1.4230235965742395,mariposa,vaso,nr,rctrl,rctrl,0.033375470904502436
77,1,1.9149453352310957,destornillador,tornillo,sro,lctrl,rctrl,0.03336960423803248
78,0,1.5774527209468943,elefante,mesa,nr,rctrl,rctrl,0.03333719788406597
79,1,1.3850427917514025,regla,clavo,wro,lctrl,rctrl,0.03339642328865011
80,0,1.671102891567898,pava,zorro,nr,lctrl,rctrl,0.03337882328651176
81,1,1.2486975299934784,oveja,cabra,sra,rctrl,rctrl,0.033368766142302775
82,1,1.5992797967337538,cuchara,cigarrillo,wro,lctrl,rctrl,0.03340145186029986
83,1,1.8568776199208514,jirafa,cebra,sra,rctrl,rctrl,0.033356474077663734
84,0,0,jarra,cabra,nr,,rctrl,0.033371839158462535
85,0,1.3613800077937412,ardilla,vaso,nr,rctrl,rctrl,0.03337658836517221
86,1,0.856881810397681,cuchillo,tenedor,sro,lctrl,rctrl,0.03338133757279138
87,0,1.1558650610622863,serrucho,caballo,nr,lctrl,rctrl,0.03338217566761159
88,1,1.4982300823148762,hormiga,pato,wra,rctrl,rctrl,0.033377985190782056
89,1,1.4253995968756499,pipa,cigarrillo,sro,lctrl,rctrl,0.033431623292926815
90,0,1.1742456094279987,rinoceronte,tenedor,nr,rctrl,rctrl,0.033411509004508844
91,1,1.2210920661709679,hacha,vaso,wro,lctrl,rctrl,0.03340927408407879
92,0,1.4222880282277401,cisne,pato,sra,lctrl,rctrl,0.03338189630267152
93,0,1.4963446471547286,canguro,mesa,nr,rctrl,rctrl,0.033377705825841986
94,0,1.3020104510487727,taza,cabra,nr,lctrl,rctrl,0.03339223281182058
95,0,1.7554778610128778,ciervo,tenedor,nr,rctrl,rctrl,0.03336206137919362
96,0,1.7468348630900437,pincel,pato,nr,lctrl,rctrl,0.03339390900237049
97,0,1.6562370357123655,gallina,olla,nr,rctrl,rctrl,0.03339195344688051
98,0,1.5852386266969916,sobre,gato,nr,lctrl,rctrl,0.03340312805084977
99,0,1.6215965995679653,lapiz,zorro,nr,lctrl,rctrl,0.033379940747181536
100,1,1.2404235733874884,tigre,leon,sra,rctrl,rctrl,0.033357312172483944
101,0,0,escarabajo,leon,wra,,rctrl,0.033360943918523844
102,1,1.376621050999347,silla,mesa,sro,lctrl,rctrl,0.03337295661913231
103,1,1.7439587992330416,burro,caballo,sra,rctrl,rctrl,0.033374632809682225
104,0,1.5682509927937645,copa,pato,nr,lctrl,rctrl,0.033375191539562366
105,0,1.4263337938200493,sombrero,tenedor,wro,rctrl,rctrl,0.033376867731021775
106,1,1.7101363441443027,mosca,zorro,wra,rctrl,rctrl,0.03336960423803248
107,1,1.510534160068346,llave,zapato,wro,lctrl,rctrl,0.03344587091305584
108,0,1.8228674314750606,oso,olla,nr,rctrl,rctrl,0.03338217566761159
109,0,1.5362715093679071,botella,vaso,sro,rctrl,rctrl,0.03333328677217651
110,1,1.4083044074031932,martillo,clavo,sro,lctrl,rctrl,0.0333793820163919
111,1,1.3809604293282973,sarten,olla,sro,lctrl,rctrl,0.03338580741365149
112,1,1.853653746496093,gorila,mono,sra,rctrl,rctrl,0.033601477282900305
113,1,1.68586091249108,aguila,mono,wra,rctrl,rctrl,0.03339586455876997
114,0,1.7367182141861122,pinza,mesa,wro,rctrl,rctrl,0.0333947470981002
115,1,1.8820313754958988,zorrino,zorro,sra,rctrl,rctrl,0.03338161693773145
116,0,1.752703765422666,tijera,leon,nr,lctrl,rctrl,0.03338524868377135
117,0,1.6588977090659682,candado,cebra,nr,lctrl,rctrl,0.03338022011121211
118,0,1.6288324354072756,gallo,cigarrillo,nr,rctrl,rctrl,0.033383013763341296
119,1,1.6478510536953763,perro,gato,sra,rctrl,rctrl,0.03339167408194044
120,0,1.5483154981984626,puerta,mono,nr,lctrl,rctrl,0.03339167408103094
121,1,1.4790131147956345,escritorio,leon,nr,rctrl,rctrl,0.03335647407675424
122,0,1.0868724935717182,ventana,cebra,nr,lctrl,rctrl,0.03318354707062099
123,1,1.8055811562644521,tuerca,gato,nr,rctrl,rctrl,0.033361502648403984
124,1,1.4774500669782356,peine,tornillo,wro,lctrl,rctrl,0.03338804233499104
125,1,1.8737001490408147,raton,cabra,wra,rctrl,rctrl,0.033386086779501056
126,1,1.6857969378797861,sapo,cebra,wra,rctrl,rctrl,0.03336178201425355
127,1,1.6517741780025972,abeja,gato,wra,rctrl,rctrl,0.033357591537424014
128,0,0,chancho,tornillo,nr,,rctrl,0.03334948994961451
LIKERT postobjetiva,4

LIKERT_SIMILITUD
tortuga,tornillo,3
cama,mono,2
cocodrilo,cigarrillo,2
pinguino,clavo,3
avestruz,zapato,3
media,olla,2
arana,caballo,1
bota,zapato,4
bowl,caballo,4
camello,zapato,3
conejo,clavo,2
mariposa,vaso,1
destornillador,tornillo,5
elefante,mesa,5
regla,clavo,4
pava,zorro,4
oveja,cabra,5
cuchara,cigarrillo,3
jirafa,cebra,2
jarra,cabra,3
ardilla,vaso,1
cuchillo,tenedor,5
serrucho,caballo,3
hormiga,pato,2
pipa,cigarrillo,2
rinoceronte,tenedor,2
hacha,vaso,2
cisne,pato,5
canguro,mesa,4
taza,cabra,3
ciervo,tenedor,3
pincel,pato,1
gallina,olla,2
sobre,gato,1
lapiz,zorro,2
tigre,leon,4
escarabajo,leon,2
silla,mesa,3
burro,caballo,5
copa,pato,1
sombrero,tenedor,1
mosca,zorro,1
llave,zapato,1
oso,olla,2
botella,vaso,4
martillo,clavo,5
sarten,olla,6
gorila,mono,7
aguila,mono,4
pinza,mesa,2
zorrino,zorro,4
tijera,leon,3
candado,cebra,2
gallo,cigarrillo,2
perro,gato,2
puerta,mono,4
escritorio,leon,3
ventana,cebra,2
tuerca,gato,3
peine,tornillo,4
raton,cabra,1
sapo,cebra,1
abeja,gato,1
chancho,tornillo,1
Tiempo Bloque 1,31.87492432697445
Tiempo Bloque 2,204.33892212557748
Tiempo Bloque 3,203.41044518227955
Tiempo Bloque 4,203.36576520200197
Tiempo Bloque 5,201.8931774848479
Tiempo Bloque 6,42.62907352750153
Tiempo Bloque 7,42.33773147145803
Tiempo Bloque 8,280.0904380305319
Tiempo Bloque 9,274.11249642063467
Tiempo Total,2274.0589935313005
