Nombre,66_
Apellido,12_29
Edad,18
Sexo,Femenino
Antecendente neurologico?,No
Toma alguna medicacion?,No
Trabaja?,Si
Horas de sueño la noche anterior?,6
Dibujar,Alta preferencia de mano derecha
Arrojar un objeto,Preferencia moderada de mano derecha
Escribir,Alta preferencia de mano derecha
Usar tijeras,Alta preferencia de mano derecha
Usa un cepillo de diente,Preferencia moderada de mano derecha
Usar una cuchara,Preferencia moderada de mano derecha
Usar una escoba (La mano que va arriba),No preferencia
Encender un fósforo,Alta preferencia de mano derecha
Abrir una caja (La mano que abre la caja),No preferencia
SYSTEM
System,Windows
Node,u-76627f80a4294
Release,XP
Version,5.1.2600
Machine,x86
Processor,"x86 Family 18 Model 1 Stepping 0, AuthenticAMD"
Screen Width,1280
Screen Height,720
""
Estimulos
Imagenes
ETAPA DE TEST
Num Trial,"Calidad respuesta (1:correcto, 0:error)",Tiempo Resp,Prime,Target,Categoria,Tecla presionada (vacio si no se presiono),Tecla para responder afirmativamente,Tiempo de aparicion del prime
-9,1,1.1664828909815697,pavo,rueda,sro,lctrl,rctrl,0.03335284233071434
-8,1,0.5716964027560607,violin,mapache,sra,rctrl,rctrl,0.033407039161829744
-7,1,0.6241069744901324,buho,carro,sro,lctrl,rctrl,0.03338245503255166
-6,1,0.5576401470025303,serpiente,hilo,sro,lctrl,rctrl,0.03318382643738005
-5,1,0.5198378564873565,serpiente,hilo,sro,lctrl,rctrl,0.033362620109983254
-4,1,0.5677808213058597,rueda,pavo,sra,rctrl,rctrl,0.033364855029503815
-3,1,0.600510679429135,serpiente,hilo,sro,lctrl,rctrl,0.033387762970960466
-2,1,0.507360851728663,buho,carro,sro,lctrl,rctrl,0.03338245503255166
-1,1,0.4406900877074804,buho,carro,sro,lctrl,rctrl,0.033368207412422635
0,1,0.5982246346957254,violin,mapache,sra,rctrl,rctrl,0.033382175668521086
1,1,0.8597816202909598,pava,zorro,nr,rctrl,rctrl,0.033379382015482406
2,1,0.495323008930427,hacha,vaso,wro,lctrl,rctrl,0.03342240424535703
3,1,0.8368457443611987,gallo,cigarrillo,nr,lctrl,rctrl,0.03340368678072991
4,1,0.4762035398362059,pinguino,clavo,nr,lctrl,rctrl,0.03340284868500021
5,1,0.5348640679203527,bowl,caballo,nr,rctrl,rctrl,0.03340675979779917
6,1,0.5191372087792843,hormiga,pato,wra,rctrl,rctrl,0.03343916615085618
7,1,0.5281822131018998,sarten,olla,sro,lctrl,rctrl,0.033413185194149264
8,1,0.5171157228069205,canguro,mesa,nr,lctrl,rctrl,0.03341067090877914
9,1,0.45384511159863905,destornillador,tornillo,sro,lctrl,rctrl,0.03341569948133838
10,1,0.46164470623989473,burro,caballo,sra,rctrl,rctrl,0.033384410588041646
11,1,0.5427516625713906,chancho,tornillo,nr,lctrl,rctrl,0.0333279788337677
12,1,0.48190482310019433,jirafa,cebra,sra,rctrl,rctrl,0.033352004234984634
13,1,0.7760676287070964,tuerca,gato,nr,rctrl,rctrl,0.033381058206941816
14,1,0.5056581213539175,gallina,olla,nr,lctrl,rctrl,0.0333567534435133
15,1,0.5309403848805232,oveja,cabra,sra,rctrl,rctrl,0.0333983788441401
16,1,0.45788361369886843,elefante,mesa,nr,lctrl,rctrl,0.03340312805084977
17,1,0.48374611857070704,media,olla,wro,lctrl,rctrl,0.03340843598925858
18,1,0.4771352224925067,ardilla,vaso,nr,lctrl,rctrl,0.033363178839863394
19,1,0.5052605847940868,tigre,leon,sra,rctrl,rctrl,0.03338692487341177
20,1,0.5112300585697085,llave,zapato,wro,lctrl,rctrl,0.033393909001461
21,1,0.588806119212677,sombrero,tenedor,wro,lctrl,rctrl,0.03340256932096963
22,1,0.5392408811731002,cama,mono,nr,rctrl,rctrl,0.03339418836731056
23,0,0.4837327090463077,jarra,cabra,nr,lctrl,rctrl,0.03341569948133838
24,1,0.7123857920487353,escritorio,leon,nr,rctrl,rctrl,0.03337183915937203
25,1,0.6417675989541749,cocodrilo,cigarrillo,nr,lctrl,rctrl,0.03338413122401107
26,1,0.5136110874427686,raton,cabra,wra,rctrl,rctrl,0.03337742645999242
27,1,0.516150795701833,conejo,clavo,nr,lctrl,rctrl,0.03340284868500021
28,1,0.5514407557384402,regla,clavo,wro,lctrl,rctrl,0.03335619471363316
29,1,0.5269946320004237,copa,pato,nr,rctrl,rctrl,0.03334613756851468
30,1,0.5916939164053474,mariposa,vaso,nr,lctrl,rctrl,0.03340508360633976
31,1,0.6223715583964804,mosca,zorro,wra,rctrl,rctrl,0.03336234074413369
32,1,0.583857166204325,bota,zapato,sro,lctrl,rctrl,0.03334976931364508
33,1,0.5198881422074919,pipa,cigarrillo,sro,lctrl,rctrl,0.033385528049620916
34,1,0.489047071625464,aguila,mono,wra,rctrl,rctrl,0.033378823285602266
35,1,0.5720816472476145,zorrino,zorro,sra,rctrl,rctrl,0.03329473438679997
36,1,0.5112202807904396,perro,gato,sra,rctrl,rctrl,0.03337351534901245
37,1,0.5524643495191413,silla,mesa,sro,lctrl,rctrl,0.033331610582536086
38,1,0.5397554717146704,sapo,cebra,wra,rctrl,rctrl,0.03337519153865287
39,1,0.5369852872372576,martillo,clavo,sro,lctrl,rctrl,0.03338692487523076
40,1,0.5738391331869934,escarabajo,leon,wra,rctrl,rctrl,0.03333133121668652
41,1,0.7631246429373277,taza,cabra,nr,rctrl,rctrl,0.03337295661913231
42,1,0.5101679124018119,arana,caballo,wra,rctrl,rctrl,0.033371001061823335
43,1,0.5587081598368968,rinoceronte,tenedor,nr,lctrl,rctrl,0.03336122328437341
44,1,0.5424334657054715,tortuga,tornillo,nr,lctrl,rctrl,0.03333272804229637
45,1,0.545334113692661,abeja,gato,wra,rctrl,rctrl,0.03340620106791903
46,1,1.2369404491364548,pincel,pato,nr,rctrl,rctrl,0.03335060741119378
47,1,0.6299853752352647,pinza,mesa,wro,lctrl,rctrl,0.033460677264884
48,1,0.4185353166394634,botella,vaso,sro,lctrl,rctrl,0.03328775025875075
49,1,0.5710549804516631,cisne,pato,sra,rctrl,rctrl,0.03339027725633059
50,1,0.5714659265358932,sobre,gato,nr,rctrl,rctrl,0.03336681058681279
51,1,0.49399015796552703,tijera,leon,nr,rctrl,rctrl,0.03339279154170072
52,1,0.5620233856534469,cuchillo,tenedor,sro,lctrl,rctrl,0.033379382017301396
53,1,0.5764327589131426,ciervo,tenedor,nr,lctrl,rctrl,0.033355356616084464
54,1,0.37005904381658183,cuchara,cigarrillo,wro,lctrl,rctrl,0.033363178839863394
55,1,0.5162505290481931,camello,zapato,nr,lctrl,rctrl,0.03335787090145459
56,1,0.5931488499227271,lapiz,zorro,nr,rctrl,rctrl,0.03340228995512007
57,1,0.84282527528012,avestruz,zapato,nr,lctrl,rctrl,0.033383293128281366
58,1,0.6371234332855238,serrucho,caballo,nr,rctrl,rctrl,0.033382734396582237
59,1,0.5987517966677842,oso,olla,nr,lctrl,rctrl,0.033384410588041646
60,1,0.6397645510805887,candado,cebra,nr,rctrl,rctrl,0.033376588364262716
61,1,0.49480646283154783,puerta,mono,nr,rctrl,rctrl,0.03333356613802607
62,1,0.4216454884626728,gorila,mono,sra,rctrl,rctrl,0.033372118523402605
63,1,0.4300119149211241,ventana,cebra,nr,rctrl,rctrl,0.03339670265268069
64,1,0.4515543176585197,peine,tornillo,wro,lctrl,rctrl,0.033366531220963225
65,1,0.7725054441289103,cocodrilo,cigarrillo,nr,lctrl,rctrl,0.0333802201130311
66,1,0.5533834607485915,pinza,mesa,wro,lctrl,rctrl,0.033382734398401226
67,1,0.3504518032314081,silla,mesa,sro,lctrl,rctrl,0.03337463281059172
68,0,0.33360832172911614,gorila,mono,sra,lctrl,rctrl,0.03336569312523352
69,1,0.5812403531726886,oso,olla,nr,lctrl,rctrl,0.033358150267304154
70,1,0.5222962694988382,llave,zapato,wro,lctrl,rctrl,0.03333663915509533
71,1,0.45995398856575775,pinguino,clavo,nr,lctrl,rctrl,0.03340787725755945
72,1,0.5645264970826247,bowl,caballo,nr,rctrl,rctrl,0.03340340741488035
73,1,0.4956205327780481,destornillador,tornillo,sro,lctrl,rctrl,0.033382734398401226
74,1,0.5670893926453573,lapiz,zorro,nr,rctrl,rctrl,0.033369324872182915
75,1,0.5093507694400614,sarten,olla,sro,lctrl,rctrl,0.03335340106059448
76,1,0.7465789646448684,jarra,cabra,nr,rctrl,rctrl,0.033377705825841986
77,1,0.5046373212226172,peine,tornillo,wro,lctrl,rctrl,0.03340675979779917
78,1,0.4955247105444869,mariposa,vaso,nr,lctrl,rctrl,0.03338888042890176
79,1,0.44567005024327955,ardilla,vaso,nr,lctrl,rctrl,0.03340256932096963
80,1,0.6114514554228663,pava,zorro,nr,rctrl,rctrl,0.033377705825841986
81,1,0.5960927995038219,escritorio,leon,nr,rctrl,rctrl,0.03335619471181417
82,1,0.4807638959700853,jirafa,cebra,sra,rctrl,rctrl,0.033378264555722126
83,1,0.6562387119029154,ciervo,tenedor,nr,lctrl,rctrl,0.03335032804534421
84,1,0.6955543232452328,sapo,cebra,wra,rctrl,rctrl,0.03364086776491604
85,1,0.5209371582132007,hacha,vaso,wro,lctrl,rctrl,0.03339223281182058
86,1,0.6367912681635062,gallina,olla,nr,lctrl,rctrl,0.03340005503559951
87,1,0.7322324485376157,camello,zapato,nr,lctrl,rctrl,0.03339167408012145
88,1,0.6312394452379522,burro,caballo,sra,rctrl,rctrl,0.03339614392461954
89,1,0.5732245299332135,canguro,mesa,nr,lctrl,rctrl,0.03338636614353163
90,1,0.6645137859686656,arana,caballo,wra,rctrl,rctrl,0.03335842963315372
91,1,0.5513463303304889,chancho,tornillo,nr,lctrl,rctrl,0.033372677255101735
92,1,0.7554901530766074,puerta,mono,nr,rctrl,rctrl,0.03337407407889259
93,1,0.49264333874816657,botella,vaso,sro,lctrl,rctrl,0.03337407407889259
94,1,0.5835470709262154,cama,mono,nr,rctrl,rctrl,0.033358708997184294
95,1,0.5695441739117086,oveja,cabra,sra,rctrl,rctrl,0.03341514075145824
96,1,0.6213705931895674,sombrero,tenedor,wro,lctrl,rctrl,0.03339279154170072
97,1,0.8352472171736736,pincel,pato,nr,rctrl,rctrl,0.033382175666702096
98,1,0.5049882038074429,rinoceronte,tenedor,nr,lctrl,rctrl,0.03335842963315372
99,1,0.6811334960166278,taza,cabra,nr,rctrl,rctrl,0.03336792804657307
100,1,0.5542257465695002,cuchillo,tenedor,sro,lctrl,rctrl,0.03341681694109866
101,1,0.8347893377504079,aguila,mono,wra,rctrl,rctrl,0.0333830137624318
102,1,0.5268848415089451,pipa,cigarrillo,sro,lctrl,rctrl,0.03336792804657307
103,1,0.3078966740195028,media,olla,wro,lctrl,rctrl,0.03334976931364508
104,1,0.4623093158497795,hormiga,pato,wra,rctrl,rctrl,0.03337630899841315
105,1,0.4805750451523636,tortuga,tornillo,nr,lctrl,rctrl,0.033383851858161506
106,1,0.5078408009958366,raton,cabra,wra,rctrl,rctrl,0.03339279154170072
107,1,0.40463047677803843,mosca,zorro,wra,rctrl,rctrl,0.033372118523402605
108,1,0.6215636344841187,candado,cebra,nr,rctrl,rctrl,0.03337072169779276
109,1,0.4549058609409258,cisne,pato,sra,rctrl,rctrl,0.033353121694744914
110,1,0.5136826049129013,elefante,mesa,nr,lctrl,rctrl,0.033376029636201565
111,1,0.5563017087370099,tigre,leon,sra,rctrl,rctrl,0.03339083598621073
112,1,0.5449776438072149,abeja,gato,wra,rctrl,rctrl,0.03338357249231194
113,1,0.6354424933906557,gallo,cigarrillo,nr,lctrl,rctrl,0.03338888042890176
114,1,0.5610891887099569,martillo,clavo,sro,lctrl,rctrl,0.03340955344901886
115,1,0.4340495789274428,conejo,clavo,nr,lctrl,rctrl,0.033371001063642325
116,1,0.36680974816772505,regla,clavo,wro,lctrl,rctrl,0.03339893757402024
117,1,0.3614911951099202,cuchara,cigarrillo,wro,lctrl,rctrl,0.03340228995512007
118,0,0.43126486746223236,tuerca,gato,nr,lctrl,rctrl,0.03337798519169155
119,1,0.7016003430617275,zorrino,zorro,sra,rctrl,rctrl,0.033429388373406255
120,1,0.5581611629404506,bota,zapato,sro,lctrl,rctrl,0.03335842963133473
121,1,0.5874453317392181,sobre,gato,nr,rctrl,rctrl,0.03337407407889259
122,1,0.5921045831237279,avestruz,zapato,nr,lctrl,rctrl,0.03340843598743959
123,1,0.5436892118959804,serrucho,caballo,nr,rctrl,rctrl,0.033388880430720747
124,0,0.6900231733361579,ventana,cebra,nr,lctrl,rctrl,0.033376588366081705
125,1,0.5455173772079434,perro,gato,sra,rctrl,rctrl,0.03339865820998966
126,1,0.49659803131362423,copa,pato,nr,rctrl,rctrl,0.033388880430720747
127,1,0.7240157617798104,tijera,leon,nr,rctrl,rctrl,0.033386086779501056
128,1,0.45069890167542326,escarabajo,leon,wra,rctrl,rctrl,0.03336960423803248
129,1,0.6979451298975619,tigre,leon,sra,rctrl,rctrl,0.03340117249535979
130,1,0.5166665037031635,pipa,cigarrillo,sro,lctrl,rctrl,0.03336848677645321
131,1,0.5170746561361739,pinza,mesa,wro,lctrl,rctrl,0.03336736931669293
132,1,0.5401320558903535,burro,caballo,sra,rctrl,rctrl,0.033379382015482406
133,1,0.5646108653472766,hormiga,pato,wra,rctrl,rctrl,0.03339083598621073
134,1,0.46664645925557124,raton,cabra,wra,rctrl,rctrl,0.03338133757279138
135,1,0.5564419500242366,llave,zapato,wro,lctrl,rctrl,0.03338636614535062
136,1,0.8799394895158912,bowl,caballo,nr,rctrl,rctrl,0.033382734396582237
137,1,0.5660107639378111,ciervo,tenedor,nr,lctrl,rctrl,0.03336122328255442
138,1,0.5299251720553002,cama,mono,nr,rctrl,rctrl,0.03343916615085618
139,1,0.5108445347104862,pava,zorro,nr,rctrl,rctrl,0.03339055662036117
140,1,0.6021742986886238,candado,cebra,nr,rctrl,rctrl,0.033477718538051704
141,1,0.5580016454605357,rinoceronte,tenedor,nr,lctrl,rctrl,0.03340117249535979
142,1,0.5572149532963522,destornillador,tornillo,sro,lctrl,rctrl,0.033384410588041646
143,1,0.5541774164030357,regla,clavo,wro,lctrl,rctrl,0.033378823287421255
144,1,0.565320452738888,pincel,pato,nr,rctrl,rctrl,0.03338580741365149
145,1,0.695174945420149,serrucho,caballo,nr,rctrl,rctrl,0.033363178839863394
146,1,0.5913955544638156,bota,zapato,sro,lctrl,rctrl,0.03337742646181141
147,1,0.5969308948497201,oso,olla,nr,lctrl,rctrl,0.033357591537424014
148,1,0.4845358837519598,gallina,olla,nr,lctrl,rctrl,0.033360943920342834
149,1,0.5108124077214597,sombrero,tenedor,wro,lctrl,rctrl,0.03340955344901886
150,1,0.4410459988630464,canguro,mesa,nr,lctrl,rctrl,0.033359826458763564
151,1,0.7873916936368914,jirafa,cebra,sra,rctrl,rctrl,0.03334753439230553
152,1,0.5313172484202369,aguila,mono,wra,rctrl,rctrl,0.03338301376425079
153,1,0.4546340386823431,mosca,zorro,wra,rctrl,rctrl,0.03338636614353163
154,1,0.5900998590586823,zorrino,zorro,sra,rctrl,rctrl,0.033372118523402605
155,1,0.4703544724270614,cisne,pato,sra,rctrl,rctrl,0.0333712804276729
156,1,0.4543460132499604,jarra,cabra,nr,rctrl,rctrl,0.03335619471181417
157,1,0.5286554576068738,tuerca,gato,nr,rctrl,rctrl,0.033382175666702096
158,1,0.5281486892890825,botella,vaso,sro,lctrl,rctrl,0.03347408679110231
159,1,0.3326207660466025,sapo,cebra,wra,rctrl,rctrl,0.03340424551242904
160,1,0.47368282840398024,hacha,vaso,wro,lctrl,rctrl,0.033390556622180156
161,1,0.5458378089970211,escarabajo,leon,wra,rctrl,rctrl,0.03338077884109225
162,1,0.45073857152237906,copa,pato,nr,rctrl,rctrl,0.03336736931669293
163,1,0.49544118037192675,sarten,olla,sro,lctrl,rctrl,0.03338245503255166
164,1,0.5458766407464282,sobre,gato,nr,rctrl,rctrl,0.03337239788925217
165,1,0.5322950263234816,tortuga,tornillo,nr,lctrl,rctrl,0.03340536297218932
166,1,0.41491027490883425,escritorio,leon,nr,rctrl,rctrl,0.03340117249535979
167,1,0.5030636575302196,media,olla,wro,lctrl,rctrl,0.03338608677768207
168,1,0.5311289563342143,arana,caballo,wra,rctrl,rctrl,0.03337407407889259
169,1,0.6706631708766508,lapiz,zorro,nr,rctrl,rctrl,0.03338580741365149
170,1,0.5651126050943276,mariposa,vaso,nr,lctrl,rctrl,0.033374353442923166
171,1,0.5663007449275028,ventana,cebra,nr,rctrl,rctrl,0.033377705825841986
172,1,0.5948795168096694,cocodrilo,cigarrillo,nr,lctrl,rctrl,0.03341067090877914
173,1,0.5135605223567836,martillo,clavo,sro,lctrl,rctrl,0.03341122963865928
174,1,0.6627289222506079,conejo,clavo,nr,lctrl,rctrl,0.03337966138133197
175,1,0.48688310944635305,peine,tornillo,wro,lctrl,rctrl,0.03345089948561508
176,1,0.6268668224602152,elefante,mesa,nr,lctrl,rctrl,0.03340061376547965
177,1,0.616490643364159,oveja,cabra,sra,rctrl,rctrl,0.03336513439717237
178,1,0.5335929566463165,pinguino,clavo,nr,lctrl,rctrl,0.033369324872182915
179,1,0.9057198610444175,camello,zapato,nr,lctrl,rctrl,0.033377147095961845
180,1,0.4240170189223136,cuchara,cigarrillo,wro,lctrl,rctrl,0.033360385188643704
181,1,0.53851816362112,silla,mesa,sro,lctrl,rctrl,0.03340061376547965
182,1,0.6186562817329104,puerta,mono,nr,rctrl,rctrl,0.033375750270352
183,1,1.2258328921707289,perro,gato,sra,rctrl,rctrl,0.03340899471731973
184,1,0.5336147471261938,avestruz,zapato,nr,lctrl,rctrl,0.03340508360633976
185,1,0.5405812749941106,abeja,gato,wra,rctrl,rctrl,0.03331736296240706
186,1,0.562950319104857,chancho,tornillo,nr,lctrl,rctrl,0.033372677253282745
187,1,0.4308212356590957,tijera,leon,nr,rctrl,rctrl,0.03341430265754752
188,1,0.37419197132476256,gorila,mono,sra,rctrl,rctrl,0.03336960423621349
189,1,0.6677876657504385,cuchillo,tenedor,sro,lctrl,rctrl,0.03338524868377135
190,1,0.48901159225533775,gallo,cigarrillo,nr,lctrl,rctrl,0.033357591537424014
191,1,0.7032670353346475,ardilla,vaso,nr,lctrl,rctrl,0.033383293128281366
192,0,0.3921048624888499,taza,cabra,nr,lctrl,rctrl,0.03337798518987256
193,1,0.9925082657155144,arana,caballo,wra,rctrl,rctrl,0.03334278518559586
194,1,0.5916567608455807,serrucho,caballo,nr,rctrl,rctrl,0.033382175666702096
195,1,0.49135825922166987,hacha,vaso,wro,lctrl,rctrl,0.03336736931669293
196,1,0.6348804107783508,oveja,cabra,sra,rctrl,rctrl,0.033151978812384186
197,1,0.4445986850278132,pava,zorro,nr,rctrl,rctrl,0.03340508360633976
198,1,0.5524570860270615,peine,tornillo,wro,lctrl,rctrl,0.0333992169398698
199,1,0.597897498144448,bowl,caballo,nr,rctrl,rctrl,0.03335284233071434
200,1,1.4251878381201095,elefante,mesa,nr,lctrl,rctrl,0.033378264555722126
201,1,0.6030635178485682,jarra,cabra,nr,rctrl,rctrl,0.033378264555722126
202,1,0.5131182873792568,camello,zapato,nr,lctrl,rctrl,0.03337128042949189
203,1,0.5004247746564943,oso,olla,nr,lctrl,rctrl,0.03335032804534421
204,1,0.618320764231612,botella,vaso,sro,lctrl,rctrl,0.033372118523402605
205,1,0.4347007790092903,media,olla,wro,lctrl,rctrl,0.03337463280877273
206,1,0.6294456418345362,pincel,pato,nr,rctrl,rctrl,0.03340675979779917
207,1,0.5571305850317003,bota,zapato,sro,lctrl,rctrl,0.033370442331943195
208,1,0.5545553974025097,ventana,cebra,nr,rctrl,rctrl,0.033377705825841986
209,1,0.6093930932565854,abeja,gato,wra,rctrl,rctrl,0.033375470904502436
210,1,0.5122776777498075,gorila,mono,sra,rctrl,rctrl,0.033377147095961845
211,1,0.516496929079949,sapo,cebra,wra,rctrl,rctrl,0.033380499475242686
212,1,0.42966466408506676,lapiz,zorro,nr,rctrl,rctrl,0.03337351534901245
213,1,0.3746881237693742,sobre,gato,nr,rctrl,rctrl,0.03340703916364873
214,1,0.5250413111170928,tijera,leon,nr,rctrl,rctrl,0.033377147095961845
215,1,0.5705278184796043,destornillador,tornillo,sro,lctrl,rctrl,0.03320282326421875
216,1,0.5820982834411552,silla,mesa,sro,lctrl,rctrl,0.03335060740937479
217,1,0.5247395967926423,avestruz,zapato,nr,lctrl,rctrl,0.03335032804534421
218,1,0.6715825614701316,sarten,olla,sro,lctrl,rctrl,0.03336010582279414
219,1,0.5891461065584735,cocodrilo,cigarrillo,nr,lctrl,rctrl,0.033384410588041646
220,1,0.47416501259249344,mosca,zorro,wra,rctrl,rctrl,0.03340089312951022
221,1,0.5031969146912161,taza,cabra,nr,rctrl,rctrl,0.03337630900023214
222,1,0.7399440431672701,pinza,mesa,wro,lctrl,rctrl,0.033374353444742155
223,1,0.5001035047735058,cuchara,cigarrillo,wro,lctrl,rctrl,0.03340145186120935
224,1,0.42257968540798174,mariposa,vaso,nr,lctrl,rctrl,0.03336513439535338
225,1,0.3873154269604129,ardilla,vaso,nr,lctrl,rctrl,0.033371559793522465
226,1,0.5496408063045237,cisne,pato,sra,rctrl,rctrl,0.03342799154597742
227,1,0.6367557887951989,llave,zapato,wro,lctrl,rctrl,0.033387762970960466
228,1,0.5575066104775033,burro,caballo,sra,rctrl,rctrl,0.033414302655728534
229,1,0.5239302760546707,sombrero,tenedor,wro,lctrl,rctrl,0.033380499477061676
230,1,0.4578079057537252,conejo,clavo,nr,lctrl,rctrl,0.033409274083169294
231,1,0.62631395889548,jirafa,cebra,sra,rctrl,rctrl,0.03340173122705892
232,1,0.5037581592077913,pinguino,clavo,nr,lctrl,rctrl,0.033496156633191276
233,1,1.194475834217883,aguila,mono,wra,rctrl,rctrl,0.03334082963192486
234,1,0.5324210199905792,cama,mono,nr,rctrl,rctrl,0.0334858201276802
235,1,0.5287554703172646,rinoceronte,tenedor,nr,lctrl,rctrl,0.03336066455449327
236,1,0.47044079624902224,cuchillo,tenedor,sro,lctrl,rctrl,0.03335591534778359
237,1,0.5171950625008321,tortuga,tornillo,nr,lctrl,rctrl,0.03345928043927415
238,1,0.4958803423360223,perro,gato,sra,rctrl,rctrl,0.03338860106305219
239,1,0.6796240863004641,escritorio,leon,nr,rctrl,rctrl,0.03338413122037309
240,1,0.3711267772850988,puerta,mono,nr,rctrl,rctrl,0.03338105820512283
241,1,0.5095016266022867,tigre,leon,sra,rctrl,rctrl,0.033357032807543874
242,1,0.5516215049683524,pipa,cigarrillo,sro,lctrl,rctrl,0.03326009311058442
243,1,0.5668614307105599,tuerca,gato,nr,rctrl,rctrl,0.03340312805084977
244,1,0.36543555116440984,copa,pato,nr,rctrl,rctrl,0.03338915979475132
245,1,0.5585573026764905,ciervo,tenedor,nr,lctrl,rctrl,0.03338133757279138
246,1,0.44892549192445586,candado,cebra,nr,rctrl,rctrl,0.03338636614353163
247,1,0.5687113865024003,gallo,cigarrillo,nr,lctrl,rctrl,0.03342072805389762
248,1,0.47862395918855327,gallina,olla,nr,lctrl,rctrl,0.03340564233803889
249,1,0.6092743630833866,raton,cabra,wra,rctrl,rctrl,0.03338189630085253
250,1,0.6164208020854858,hormiga,pato,wra,rctrl,rctrl,0.03336122328255442
251,1,0.5557684007326316,canguro,mesa,nr,lctrl,rctrl,0.03345397250086535
252,1,0.4597637409242452,martillo,clavo,sro,lctrl,rctrl,0.03340396614657948
253,1,1.2367027094223886,zorrino,zorro,sra,rctrl,rctrl,0.03334976931364508
254,1,0.5827469692376326,escarabajo,leon,wra,rctrl,rctrl,0.033353680424625054
255,1,0.4758104731190542,regla,clavo,wro,lctrl,rctrl,0.03338329312464339
256,1,0.43225745171366725,chancho,tornillo,nr,lctrl,rctrl,0.033374912174622295

LIKERT preobjetiva,1

ETAPA DE VISIBILIDAD
Num Trial,"Calidad respuesta (1:correcto, 0:error)",Tiempo Resp,Prime,Target,Categoria,Tecla presionada (vacio si no se presiono),Tecla para responder afirmativamente,Tiempo de aparicion del prime
-19,0,1.1088954043043486,serpiente,hilo,sro,rctrl,rctrl,0.10014121906351647
-18,0,1.0693856342077197,hilo,serpiente,sra,lctrl,rctrl,0.10016524446837138
-17,0,1.2052023371688847,buho,carro,sro,rctrl,rctrl,0.10014401271473616
-16,0,1.0178905419525108,pavo,rueda,sro,rctrl,rctrl,0.10005349841958378
-15,0,0.5032589337461104,hilo,serpiente,sra,lctrl,rctrl,0.10016720002022339
-14,0,0.7634772017117939,carro,buho,sra,lctrl,rctrl,0.10016859684765222
-13,0,1.1552621911469032,carro,buho,sra,lctrl,rctrl,0.10016636192449369
-12,0,0.9759790699645237,serpiente,hilo,sro,rctrl,rctrl,0.1001923428812006
-11,0,1.0430118911754107,serpiente,hilo,sro,rctrl,rctrl,0.10014401271473616
-10,0,0.788182855641935,mapache,violin,sro,rctrl,rctrl,0.10017753652937245
-9,0,1.383875604304194,carro,buho,sra,lctrl,rctrl,0.033395026464859257
-8,0,0.8279895908563049,buho,carro,sro,rctrl,rctrl,0.03338413122401107
-7,0,1.228912054466491,rueda,pavo,sra,lctrl,rctrl,0.03338301376061281
-6,0,1.2499418222141685,pavo,rueda,sro,rctrl,rctrl,0.033369883603882045
-5,0,1.1807986769272247,buho,carro,sro,rctrl,rctrl,0.033384410588041646
-4,0,0.9184572340927843,pavo,rueda,sro,rctrl,rctrl,0.03337742646181141
-3,0,0.7786894703131111,serpiente,hilo,sro,rctrl,rctrl,0.033360943918523844
-2,0,1.135322785437893,serpiente,hilo,sro,rctrl,rctrl,0.033373235983162886
-1,0,0.863319779469748,buho,carro,sro,rctrl,rctrl,0.033382734400220215
0,1,0.7371895031319582,pavo,rueda,sro,lctrl,rctrl,0.033344740739266854
1,0,1.035412601322605,puerta,mono,nr,lctrl,rctrl,0.03339726138437982
2,0,1.118767050000315,pinza,mesa,wro,rctrl,rctrl,0.033372118523402605
3,1,0.6249146190384636,botella,vaso,sro,lctrl,rctrl,0.033383293128281366
4,0,1.0737079712635023,hormiga,pato,wra,lctrl,rctrl,0.03339614392461954
5,0,0.7353713949669327,canguro,mesa,nr,rctrl,rctrl,0.03334138836362399
6,0,0.9843346011839458,destornillador,tornillo,sro,rctrl,rctrl,0.03326903279594262
7,1,0.8236870887194527,pincel,pato,nr,rctrl,rctrl,0.03340480424230918
8,1,0.9144002938919584,pinguino,clavo,nr,lctrl,rctrl,0.033379940745362546
9,1,0.8528826987785578,jirafa,cebra,sra,rctrl,rctrl,0.033370442331943195
10,1,0.9892477954599599,sapo,cebra,wra,rctrl,rctrl,0.03340396614657948
11,0,0.7734823839346063,oveja,cabra,sra,lctrl,rctrl,0.033379382017301396
12,0,0.8386929064981814,raton,cabra,wra,lctrl,rctrl,0.03334641693436424
13,0,0.817151621224184,bowl,caballo,nr,lctrl,rctrl,0.03338999789048103
14,0,1.4761015715703252,martillo,clavo,sro,rctrl,rctrl,0.03340899471731973
15,0,1.0637491636516643,chancho,tornillo,nr,rctrl,rctrl,0.03339586455695098
16,0,0.6672009990106744,hacha,vaso,wro,rctrl,rctrl,0.03340871535328915
17,0,0.8149359765011468,mariposa,vaso,nr,rctrl,rctrl,0.03340871535328915
18,1,0.7001942984388734,cuchillo,tenedor,sro,lctrl,rctrl,0.033371559795341454
19,0,1.3048948958603432,abeja,gato,wra,lctrl,rctrl,0.03339362963743042
20,1,1.4470822409020911,rinoceronte,tenedor,nr,lctrl,rctrl,0.03337854391793371
21,0,0.9357435093006643,jarra,cabra,nr,lctrl,rctrl,0.033365413761202944
22,0,1.1895771669296664,pipa,cigarrillo,sro,rctrl,rctrl,0.033386086779501056
23,1,0.880735680093494,ciervo,tenedor,nr,lctrl,rctrl,0.03339949630390038
24,0,1.0402914336882532,ardilla,vaso,nr,rctrl,rctrl,0.03337183915573405
25,0,1.1190324468625477,media,olla,wro,rctrl,rctrl,0.03337407407889259
26,0,0.8966499932284933,tijera,leon,nr,lctrl,rctrl,0.03338999789048103
27,0,1.17568489849873,candado,cebra,nr,lctrl,rctrl,0.03339307090573129
28,1,1.175709482631646,perro,gato,sra,rctrl,rctrl,0.033372118523402605
29,0,0.9255961302333162,cama,mono,nr,lctrl,rctrl,0.03335004868131364
30,0,0.8097769409250759,mosca,zorro,wra,lctrl,rctrl,0.033379382017301396
31,0,0.6311698833233095,sombrero,tenedor,wro,rctrl,rctrl,0.033377147097780835
32,1,0.6781428924623469,peine,tornillo,wro,lctrl,rctrl,0.03338245503255166
33,0,0.9073005088648642,gallo,cigarrillo,nr,rctrl,rctrl,0.03340620106973802
34,1,0.8918639100775181,burro,caballo,sra,rctrl,rctrl,0.033372118523402605
35,0,1.3710030185429787,cisne,pato,sra,lctrl,rctrl,0.033378823285602266
36,1,0.8021094859832374,pava,zorro,nr,rctrl,rctrl,0.03338692487523076
37,0,0.6847621694942063,tigre,leon,sra,lctrl,rctrl,0.03340675979779917
38,0,0.5883253318497736,elefante,mesa,nr,rctrl,rctrl,0.033367648680723505
39,1,0.3664608211365703,gallina,olla,nr,lctrl,rctrl,0.03336178201425355
40,0,0.7645251002577425,ventana,cebra,nr,lctrl,rctrl,0.033363737569743535
41,1,0.6274844987274264,copa,pato,nr,rctrl,rctrl,0.033388880430720747
42,1,0.9268446129317454,sobre,gato,nr,rctrl,rctrl,0.0333846899557102
43,1,0.4153307194064837,silla,mesa,sro,lctrl,rctrl,0.0333849693161028
44,0,0.842758507016697,regla,clavo,wro,rctrl,rctrl,0.03347799790208228
45,0,0.498801663339691,camello,zapato,nr,rctrl,rctrl,0.033383293128281366
46,0,0.7141435573503259,llave,zapato,wro,rctrl,rctrl,0.03337854391793371
47,1,0.7181236721407913,avestruz,zapato,nr,lctrl,rctrl,0.03340452487827861
48,0,0.7585737852132297,sarten,olla,sro,rctrl,rctrl,0.03339307090936927
49,0,0.9794758831085346,bota,zapato,sro,rctrl,rctrl,0.03331456931118737
50,1,1.681484657965484,cuchara,cigarrillo,wro,lctrl,rctrl,0.03340564233440091
51,0,0.9360237125110871,gorila,mono,sra,lctrl,rctrl,0.0333849693161028
52,0,1.0341716614821053,escritorio,leon,nr,lctrl,rctrl,0.033422124877688475
53,0,1.6024151114179404,taza,cabra,nr,lctrl,rctrl,0.033362620109983254
54,0,0.7725797552484437,zorrino,zorro,sra,lctrl,rctrl,0.03337686773011228
55,1,0.8628677667147713,serrucho,caballo,nr,rctrl,rctrl,0.033365413761202944
56,1,1.4076093469993793,cocodrilo,cigarrillo,nr,lctrl,rctrl,0.03340787725755945
57,0,1.10103155568504,lapiz,zorro,nr,lctrl,rctrl,0.0333894391587819
58,1,0.807085258042207,tortuga,tornillo,nr,lctrl,rctrl,0.03357856934235315
59,1,0.9473279425183136,tuerca,gato,nr,rctrl,rctrl,0.03340675979779917
60,0,0.6639472335155006,aguila,mono,wra,lctrl,rctrl,0.03340228995875805
61,1,1.2563786738246563,oso,olla,nr,lctrl,rctrl,0.03338413122037309
62,0,1.0608996394803398,arana,caballo,wra,lctrl,rctrl,0.03337686773011228
63,1,0.9844994266022695,escarabajo,leon,wra,rctrl,rctrl,0.03339614392461954
64,0,0.9914709830445645,conejo,clavo,nr,rctrl,rctrl,0.033427712180127855
65,0,1.422031012323714,candado,cebra,nr,lctrl,rctrl,0.03336066455449327
66,1,1.080209076852043,cuchillo,tenedor,sro,lctrl,rctrl,0.03337938201366342
67,0,0.40521267367876135,gallina,olla,nr,rctrl,rctrl,0.033367648680723505
68,0,0.9393858716684917,ciervo,tenedor,nr,rctrl,rctrl,0.033384969319740776
69,1,0.7064006738291937,zorrino,zorro,sra,rctrl,rctrl,0.0333578708996356
70,0,0.8507058858012897,puerta,mono,nr,lctrl,rctrl,0.0333578708996356
71,0,0.8692498627606255,escarabajo,leon,wra,lctrl,rctrl,0.0333846899557102
72,0,1.5793219529296039,canguro,mesa,nr,rctrl,rctrl,0.033411509004508844
73,0,0.9566805278300308,cocodrilo,cigarrillo,nr,rctrl,rctrl,0.03339362963743042
74,0,1.021137602681847,abeja,gato,wra,lctrl,rctrl,0.033382734400220215
75,1,0.9124355190397182,sombrero,tenedor,wro,lctrl,rctrl,0.033377147094142856
76,1,1.8604884140295326,avestruz,zapato,nr,lctrl,rctrl,0.03339893757583923
77,1,0.9170333100992138,rinoceronte,tenedor,nr,lctrl,rctrl,0.03340703916546772
78,0,1.0888755414453044,taza,cabra,nr,lctrl,rctrl,0.03339893757220125
79,1,0.6504837905376917,burro,caballo,sra,rctrl,rctrl,0.03337854391793371
80,0,1.1729856727579318,sobre,gato,nr,lctrl,rctrl,0.033375470906321425
81,1,0.9630000460929296,mosca,zorro,wra,rctrl,rctrl,0.03339251217767014
82,1,0.6912998719126335,oveja,cabra,sra,rctrl,rctrl,0.03338245503255166
83,1,0.9905032622882572,hacha,vaso,wro,lctrl,rctrl,0.0335148740959994
84,0,1.1305769308673916,tigre,leon,sra,lctrl,rctrl,0.03340284868318122
85,1,1.3470966282038717,cama,mono,nr,rctrl,rctrl,0.033360943918523844
86,1,0.915448192437907,destornillador,tornillo,sro,lctrl,rctrl,0.03334781376179308
87,1,0.7209586693279562,regla,clavo,wro,lctrl,rctrl,0.0333802201130311
88,1,0.6461963741203363,tijera,leon,nr,rctrl,rctrl,0.03341067091241712
89,1,1.4714845043163223,pava,zorro,nr,rctrl,rctrl,0.033392232813639566
90,0,0.8752003397094086,escritorio,leon,nr,lctrl,rctrl,0.03339055661854218
91,1,0.988358296934166,hormiga,pato,wra,rctrl,rctrl,0.033388880430720747
92,0,1.1690868532205059,chancho,tornillo,nr,rctrl,rctrl,0.03340927408498828
93,0,0.9306084991258103,bowl,caballo,nr,lctrl,rctrl,0.033378264553903136
94,0,1.3106294235731184,elefante,mesa,nr,rctrl,rctrl,0.03337072169961175
95,0,0.8012764192098984,bota,zapato,sro,rctrl,rctrl,0.03338301376425079
96,1,1.122162174240657,llave,zapato,wro,lctrl,rctrl,0.033379940749000525
97,0,1.0425165768247098,cisne,pato,sra,lctrl,rctrl,0.03346738202890265
98,0,0.81915159608252,tortuga,tornillo,nr,rctrl,rctrl,0.03343916614903719
99,0,0.9076385406551708,pipa,cigarrillo,sro,rctrl,rctrl,0.033368207412422635
100,0,1.1834238709088822,ventana,cebra,nr,lctrl,rctrl,0.03338245503255166
101,0,0.8613343315992097,pinza,mesa,wro,rctrl,rctrl,0.03339111535024131
102,1,0.7572068517110893,jarra,cabra,nr,rctrl,rctrl,0.03337798518987256
103,1,0.7586265852223733,cuchara,cigarrillo,wro,lctrl,rctrl,0.03339111535024131
104,0,1.4129508079931838,pinguino,clavo,nr,rctrl,rctrl,0.03338105820512283
105,0,1.17951108311172,silla,mesa,sro,rctrl,rctrl,0.03337742646181141
106,0,0.9455291105441574,gallo,cigarrillo,nr,rctrl,rctrl,0.03339083598621073
107,0,0.8653091384549043,copa,pato,nr,lctrl,rctrl,0.033305350261798594
108,0,1.5984685204421112,perro,gato,sra,lctrl,rctrl,0.033386645511200186
109,0,0.841421744942636,conejo,clavo,nr,rctrl,rctrl,0.033412067732569994
110,0,1.2020161780346825,peine,tornillo,wro,rctrl,rctrl,0.03337742646181141
111,0,0.9578717406802753,lapiz,zorro,nr,lctrl,rctrl,0.03336960423621349
112,1,1.5861292426816362,media,olla,wro,lctrl,rctrl,0.03337016296791262
113,0,0.7796205942358938,arana,caballo,wra,lctrl,rctrl,0.033372677251463756
114,1,1.1742207459319616,tuerca,gato,nr,rctrl,rctrl,0.03335479788802331
115,0,1.2269835970764689,camello,zapato,nr,rctrl,rctrl,0.03333608042521519
116,1,1.0678225863921398,gorila,mono,sra,rctrl,rctrl,0.03335507725205389
117,1,0.754299498956243,mariposa,vaso,nr,lctrl,rctrl,0.03339530582888983
118,0,1.0229140854498837,raton,cabra,wra,lctrl,rctrl,0.03335507725205389
119,0,0.6258197620081773,martillo,clavo,sro,rctrl,rctrl,0.033384969319740776
120,1,0.6497647047326609,aguila,mono,wra,rctrl,rctrl,0.03333747724900604
121,0,0.8835254201294447,serrucho,caballo,nr,lctrl,rctrl,0.033357591539243
122,0,0.7709787137755484,ardilla,vaso,nr,rctrl,rctrl,0.03339670265268069
123,0,1.08728176346267,jirafa,cebra,sra,lctrl,rctrl,0.03336178201425355
124,0,0.6875493952429679,pincel,pato,nr,lctrl,rctrl,0.03334585820266511
125,0,0.8662447322203661,botella,vaso,sro,rctrl,rctrl,0.033387762970960466
126,1,1.0731478442103253,sarten,olla,sro,lctrl,rctrl,0.03337686773011228
127,0,0.7586137344260351,sapo,cebra,wra,lctrl,rctrl,0.0333612232861924
128,1,0.7932033261204197,oso,olla,nr,lctrl,rctrl,0.033377147094142856
LIKERT postobjetiva,2

LIKERT_SIMILITUD
candado,cebra,1
cuchillo,tenedor,6
gallina,olla,2
ciervo,tenedor,2
zorrino,zorro,5
puerta,mono,1
escarabajo,leon,3
canguro,mesa,1
cocodrilo,cigarrillo,1
abeja,gato,4
sombrero,tenedor,1
avestruz,zapato,1
rinoceronte,tenedor,1
taza,cabra,1
burro,caballo,6
sobre,gato,2
mosca,zorro,3
oveja,cabra,4
hacha,vaso,1
tigre,leon,6
cama,mono,1
destornillador,tornillo,7
regla,clavo,5
tijera,leon,1
pava,zorro,1
escritorio,leon,1
hormiga,pato,3
chancho,tornillo,1
bowl,caballo,1
elefante,mesa,1
bota,zapato,7
llave,zapato,2
cisne,pato,7
tortuga,tornillo,1
pipa,cigarrillo,3
ventana,cebra,1
pinza,mesa,1
jarra,cabra,1
cuchara,cigarrillo,4
pinguino,clavo,2
silla,mesa,5
gallo,cigarrillo,1
copa,pato,1
perro,gato,5
conejo,clavo,2
peine,tornillo,3
lapiz,zorro,1
media,olla,1
arana,caballo,1
tuerca,gato,2
camello,zapato,2
gorila,mono,7
mariposa,vaso,1
raton,cabra,2
martillo,clavo,7
aguila,mono,2
serrucho,caballo,2
ardilla,vaso,1
jirafa,cebra,5
pincel,pato,1
botella,vaso,6
sarten,olla,7
sapo,cebra,2
oso,olla,1
Tiempo Bloque 1,31.77853749568567
Tiempo Bloque 2,196.68117484205322
Tiempo Bloque 3,198.80447263548922
Tiempo Bloque 4,195.04491911681544
Tiempo Bloque 5,197.2259446382177
Tiempo Bloque 6,39.19146818939407
Tiempo Bloque 7,36.56302407149269
Tiempo Bloque 8,219.2822691152105
Tiempo Bloque 9,221.28644534431078
Tiempo Total,2048.0638117414346
