Nombre,SOA_66
Apellido,18_231
Edad,20
Sexo,Femenino
Antecendente neurologico?,No
Toma alguna medicacion?,No
Trabaja?,Si
Horas de sueño la noche anterior?,6
Dibujar,Alta preferencia de mano derecha
Arrojar un objeto,Alta preferencia de mano derecha
Escribir,Alta preferencia de mano derecha
Usar tijeras,Alta preferencia de mano derecha
Usa un cepillo de diente,Alta preferencia de mano izquierda
Usar una cuchara,Alta preferencia de mano izquierda
Usar una escoba (La mano que va arriba),Alta preferencia de mano izquierda
Encender un fósforo,Alta preferencia de mano derecha
Abrir una caja (La mano que abre la caja),Alta preferencia de mano derecha
SYSTEM
System,Windows
Node,u-76627f80a4294
Release,XP
Version,5.1.2600
Machine,x86
Processor,"x86 Family 18 Model 1 Stepping 0, AuthenticAMD"
Screen Width,1280
Screen Height,720
""
Estimulos
Imagenes
ETAPA DE TEST
Num Trial,"Calidad respuesta (1:correcto, 0:error)",Tiempo Resp,Prime,Target,Categoria,Tecla presionada (vacio si no se presiono),Tecla para responder afirmativamente,Tiempo de aparicion del prime
-9,0,0,serpiente,hilo,sro,,lctrl,0.03339558519292041
-8,0,1.3465993582981355,rueda,pavo,sra,rctrl,lctrl,0.033374912174622295
-7,0,0.63106093092847,buho,carro,sro,lctrl,lctrl,0.03337547090495718
-6,0,0.5998608761728974,rueda,pavo,sra,rctrl,lctrl,0.03329641057734989
-5,0,0.5623846047469669,buho,carro,sro,lctrl,lctrl,0.03324752168236955
-4,0,0.6192124976773812,pavo,rueda,sro,lctrl,lctrl,0.03338804233499104
-3,0,0.5698120850552186,hilo,serpiente,sra,rctrl,lctrl,0.03336262010952851
-2,0,0.5067669214945454,pavo,rueda,sro,lctrl,lctrl,0.033348372488489986
-1,0,0.5153132590876339,carro,buho,sra,rctrl,lctrl,0.033267915335272846
0,0,0.4462720820661161,carro,buho,sra,rctrl,lctrl,0.033440004246585886
1,0,0.49693522500774634,pinza,mesa,wro,lctrl,lctrl,0.03338552804871142
2,0,0.5482562727943332,copa,pato,nr,rctrl,lctrl,0.033350607409829536
3,0,0.6296937180563873,puerta,mono,nr,rctrl,lctrl,0.033398658209534915
4,0,0.5713661931890783,sobre,gato,nr,rctrl,lctrl,0.03337407407889259
5,0,0.5386969572950875,silla,mesa,sro,lctrl,lctrl,0.03340368678118466
6,0,0.5128073540072364,camello,zapato,nr,lctrl,lctrl,0.03337547090495718
7,0,0.5386508620508721,jarra,cabra,nr,rctrl,lctrl,0.0334123470997838
8,0,0.584822652040657,botella,vaso,sro,lctrl,lctrl,0.03338776297005097
9,0,0.5128475825836176,burro,caballo,sra,rctrl,lctrl,0.03339949630480987
10,0,0.6685182055261976,cocodrilo,cigarrillo,nr,lctrl,lctrl,0.0333581502677589
11,0,0.5560798928354416,escarabajo,leon,wra,rctrl,lctrl,0.03338608677904631
12,0,0.5572565786992527,regla,clavo,wro,lctrl,lctrl,0.03338580741410624
13,0,0.5464560439945672,chancho,tornillo,nr,lctrl,lctrl,0.033387483604656154
14,0,0.760170636212024,cisne,pato,sra,rctrl,lctrl,0.03340508360724925
15,0,0.599141231637077,tigre,leon,sra,rctrl,lctrl,0.03337183915800779
16,0,0.534617667888142,jirafa,cebra,sra,rctrl,lctrl,0.03338468995389121
17,0,0.6039477084377722,sombrero,tenedor,wro,lctrl,lctrl,0.03338329312782662
18,0,0.5579915883167814,gorila,mono,sra,rctrl,lctrl,0.03337966138133197
19,0,0.611206731582115,sapo,cebra,wra,rctrl,lctrl,0.03337072169779276
20,0,0.6251322444609286,rinoceronte,tenedor,nr,lctrl,lctrl,0.03340396614657948
21,0,0.5215442186085966,cuchillo,tenedor,sro,lctrl,lctrl,0.033314848675217945
22,0,0.5718045170542609,llave,zapato,wro,lctrl,lctrl,0.03343693122997138
23,0,0.5976265139843235,pipa,cigarrillo,sro,lctrl,lctrl,0.03339223281182058
24,0,0.40614742935213144,zorrino,zorro,sra,rctrl,lctrl,0.03340843598834908
25,0,0.5633182429610315,mariposa,vaso,nr,lctrl,lctrl,0.03339362963743042
26,0,0.5464619106614919,destornillador,tornillo,sro,lctrl,lctrl,0.033386086779501056
27,0,0.5684350944047765,canguro,mesa,nr,lctrl,lctrl,0.033380220112121606
28,0,0.6859964045706874,abeja,gato,wra,rctrl,lctrl,0.033366251856023155
29,0,0.6275783654068618,bota,zapato,sro,lctrl,lctrl,0.03336457566501849
30,0,0.5779740162506641,media,olla,wro,lctrl,lctrl,0.03337686773011228
31,0,0.9827193120913762,raton,cabra,wra,rctrl,lctrl,0.03347352805985793
32,0,0.5729258886258322,oveja,cabra,sra,rctrl,lctrl,0.0333690455067881
33,0,0.5159063512260218,serrucho,caballo,nr,rctrl,lctrl,0.03338217566761159
34,0,0.5254899714909698,escritorio,leon,nr,rctrl,lctrl,0.03337016296745787
35,0,0.5844368488174041,taza,cabra,nr,rctrl,lctrl,0.03336122328437341
36,0,0.5552898482910678,sarten,olla,sro,lctrl,lctrl,0.033384131223556324
37,0,0.5723339139472046,conejo,clavo,nr,lctrl,lctrl,0.03337630900023214
38,0,0.518696091262882,tortuga,tornillo,nr,lctrl,lctrl,0.033384131223556324
39,0,0.5283028988324077,bowl,caballo,nr,rctrl,lctrl,0.033404524876914365
40,0,0.6210266947332457,mosca,zorro,wra,rctrl,lctrl,0.03338245503255166
41,0,0.5808092928009501,pinguino,clavo,nr,lctrl,lctrl,0.033412905830573436
42,0,0.5652891638465007,pava,zorro,nr,rctrl,lctrl,0.03340256932096963
43,0,0.5762092668201149,cama,mono,nr,rctrl,lctrl,0.03338496931883128
44,0,0.5592423059356406,candado,cebra,nr,rctrl,lctrl,0.03340871535328915
45,0,0.55842069313303,hacha,vaso,wro,lctrl,lctrl,0.03340424551151955
46,0,0.7116965983104819,ardilla,vaso,nr,lctrl,lctrl,0.033366531220963225
47,0,0.6475186092088734,perro,gato,sra,rctrl,lctrl,0.03339670265359018
48,0,0.6247053745655649,avestruz,zapato,nr,lctrl,lctrl,0.033384131223101576
49,0,0.601394311288459,hormiga,pato,wra,rctrl,lctrl,0.03348442329979662
50,0,0.5795546640702014,aguila,mono,wra,rctrl,lctrl,0.033401731225694675
51,0,0.5786506385588837,cuchara,cigarrillo,wro,lctrl,lctrl,0.03337966138178672
52,0,0.43218788980175304,gallina,olla,nr,lctrl,lctrl,0.03336373757019828
53,0,0.5250882444556737,ventana,cebra,nr,rctrl,lctrl,0.03338860106532593
54,0,0.7516301652863149,tuerca,gato,nr,rctrl,lctrl,0.033383851858161506
55,0,0.5194445104057195,elefante,mesa,nr,lctrl,lctrl,0.033413185195513506
56,0,0.6817620675251419,arana,caballo,wra,rctrl,lctrl,0.03338329312782662
57,0,0.6299560418988221,tijera,leon,nr,rctrl,lctrl,0.03336736931669293
58,0,0.5558139372460573,peine,tornillo,wro,lctrl,lctrl,0.033383851858161506
59,0,0.48051721657384405,martillo,clavo,sro,lctrl,lctrl,0.03345928043927415
60,0,0.4512587493659339,oso,olla,nr,lctrl,lctrl,0.033377705825841986
61,0,0.867407170464503,gallo,cigarrillo,nr,lctrl,lctrl,0.033387762969596224
62,0,0.5465574535310225,lapiz,zorro,nr,rctrl,lctrl,0.03336820741196789
63,0,0.9606693029422786,pincel,pato,nr,rctrl,lctrl,0.03343497567448139
64,0,0.8428900879857792,ciervo,tenedor,nr,lctrl,lctrl,0.033369604237122985
65,0,0.5571004135999829,chancho,tornillo,nr,lctrl,lctrl,0.033383851858161506
66,0,0.7053963562407262,sobre,gato,nr,rctrl,lctrl,0.033375191539562366
67,0,0.555279511781464,canguro,mesa,nr,lctrl,lctrl,0.03332211216775249
68,0,0.4369664300911609,tuerca,gato,nr,rctrl,lctrl,0.03339083598621073
69,0,0.5582801724799538,mosca,zorro,wra,rctrl,lctrl,0.033413464560453576
70,0,0.49534479940894016,jarra,cabra,nr,rctrl,lctrl,0.033388880430266
71,0,0.5236794061815999,mariposa,vaso,nr,lctrl,lctrl,0.033393070907095534
72,0,0.49391053890940384,gallo,cigarrillo,nr,lctrl,lctrl,0.033357312172029197
73,0,0.5994736761235799,taza,cabra,nr,rctrl,lctrl,0.03339698201853025
74,0,0.47220526631190296,lapiz,zorro,nr,rctrl,lctrl,0.03336401693513835
75,0,0.5870511475618514,raton,cabra,wra,rctrl,lctrl,0.0333992169398698
76,0,0.5391604240203378,escritorio,leon,nr,rctrl,lctrl,0.03336653122141797
77,0,0.528579470295881,gallina,olla,nr,lctrl,lctrl,0.0333581502677589
78,0,0.6666003640125382,camello,zapato,nr,lctrl,lctrl,0.03339502646304027
79,0,0.7337843217505906,bota,zapato,sro,lctrl,lctrl,0.03338971852554096
80,0,0.7901087987438586,abeja,gato,wra,rctrl,lctrl,0.03340731852767931
81,0,0.5712625487317382,botella,vaso,sro,lctrl,lctrl,0.033384410588496394
82,0,0.7626340777947007,perro,gato,sra,rctrl,lctrl,0.033371839158462535
83,0,0.6492573776836252,conejo,clavo,nr,lctrl,lctrl,0.0333793820163919
84,0,0.6911392369697751,burro,caballo,sra,rctrl,lctrl,0.03336876614184803
85,0,0.6213015900066239,sarten,olla,sro,lctrl,lctrl,0.033410112178899
86,0,0.8654038432259767,pincel,pato,nr,rctrl,lctrl,0.03313158515948089
87,0,0.782743337490956,bowl,caballo,nr,rctrl,lctrl,0.03337854392111694
88,0,0.729541603751386,cama,mono,nr,rctrl,lctrl,0.03338022011166686
89,0,1.2980848124552722,pinza,mesa,wro,lctrl,lctrl,0.03339055662127066
90,0,0.5943976119870058,pinguino,clavo,nr,lctrl,lctrl,0.033381058206941816
91,0,0.8116336014772969,copa,pato,nr,rctrl,lctrl,0.03348442329979662
92,0,0.5626603381156201,gorila,mono,sra,rctrl,lctrl,0.03339530582798034
93,0,0.5921213450315008,pipa,cigarrillo,sro,lctrl,lctrl,0.033369324872182915
94,0,1.9662241988853566,ciervo,tenedor,nr,lctrl,lctrl,0.0334006137650249
95,0,0.5709823455217702,sapo,cebra,wra,rctrl,lctrl,0.03336457566547324
96,0,0.5193933865898543,silla,mesa,sro,lctrl,lctrl,0.03339362963743042
97,0,0.6391611224330518,jirafa,cebra,sra,rctrl,lctrl,0.033360105823703634
98,0,0.4632625096205629,escarabajo,leon,wra,rctrl,lctrl,0.03339362963743042
99,0,0.4600797028674606,ventana,cebra,nr,rctrl,lctrl,0.033401172495814535
100,0,0.541991789459189,oso,olla,nr,lctrl,lctrl,0.03338832169993111
101,0,0.41688203388957845,destornillador,tornillo,sro,lctrl,lctrl,0.03336178201425355
102,0,0.593952583358714,pava,zorro,nr,rctrl,lctrl,0.03339670265359018
103,0,0.5984866791727654,avestruz,zapato,nr,lctrl,lctrl,0.03337882328605701
104,0,0.743934773833189,regla,clavo,wro,lctrl,lctrl,0.03338105820739656
105,0,0.602646425732928,cuchillo,tenedor,sro,lctrl,lctrl,0.03337323598407238
106,0,0.6715062947946535,elefante,mesa,nr,lctrl,lctrl,0.03338552804916617
107,0,0.5198875834776118,peine,tornillo,wro,lctrl,lctrl,0.03337239788879742
108,0,0.5629883127608082,puerta,mono,nr,rctrl,lctrl,0.033384410588496394
109,0,0.6296836609121783,serrucho,caballo,nr,rctrl,lctrl,0.03340117249535979
110,0,0.5917875037189333,tortuga,tornillo,nr,lctrl,lctrl,0.033356753442149056
111,0,0.49274251336419184,martillo,clavo,sro,lctrl,lctrl,0.033470734408638236
112,0,0.5145162304147561,media,olla,wro,lctrl,lctrl,0.03340592170206946
113,0,0.4631912715162798,sombrero,tenedor,wro,lctrl,lctrl,0.033383851858161506
114,0,0.6864811030450255,oveja,cabra,sra,rctrl,lctrl,0.03342435979993752
115,0,0.6572659374305658,tigre,leon,sra,rctrl,lctrl,0.033386645509381196
116,0,0.47702068279659215,tijera,leon,nr,rctrl,lctrl,0.033488334411231335
117,0,0.6274381241191804,cocodrilo,cigarrillo,nr,lctrl,lctrl,0.03337519154001711
118,0,0.9014500446282909,llave,zapato,wro,lctrl,lctrl,0.032459432693485724
119,0,0.6032830988297064,aguila,mono,wra,rctrl,lctrl,0.033384131223556324
120,0,0.4917848497502746,rinoceronte,tenedor,nr,lctrl,lctrl,0.03337826455617687
121,0,0.5273321050581217,hacha,vaso,wro,lctrl,lctrl,0.03338245503255166
122,0,0.6404263670378896,ardilla,vaso,nr,lctrl,lctrl,0.033353959790929366
123,0,0.6120657793098871,arana,caballo,wra,rctrl,lctrl,0.03339782011380521
124,0,0.7035961274405054,zorrino,zorro,sra,rctrl,lctrl,0.033357032807543874
125,0,0.5383128302619298,cisne,pato,sra,rctrl,lctrl,0.03339474709764545
126,0,0.5318807278581517,hormiga,pato,wra,rctrl,lctrl,0.03337742646044717
127,0,0.5888726081107052,cuchara,cigarrillo,wro,lctrl,lctrl,0.03340703916273924
128,0,0.5409313194832066,candado,cebra,nr,rctrl,lctrl,0.03337435344428741
129,0,0.9000800381054432,arana,caballo,wra,rctrl,lctrl,0.03337658836562696
130,0,0.7351585187502678,aguila,mono,wra,rctrl,lctrl,0.033386366144441126
131,0,0.5178856530646954,gallina,olla,nr,lctrl,lctrl,0.03323020104517127
132,0,0.3698511961715667,sarten,olla,sro,lctrl,lctrl,0.033346416933
133,0,0.5373518142669127,pinza,mesa,wro,lctrl,lctrl,0.03338273439794648
134,0,0.48935577007705433,sombrero,tenedor,wro,lctrl,lctrl,0.03337994074627204
135,0,0.44602009473283033,hacha,vaso,wro,lctrl,lctrl,0.03345928043927415
136,0,0.5615791951213396,pincel,pato,nr,rctrl,lctrl,0.033396423288195365
137,0,0.6427283355847067,tortuga,tornillo,nr,lctrl,lctrl,0.033374912174622295
138,0,0.561142826811647,escarabajo,leon,wra,rctrl,lctrl,0.033440842341406096
139,0,0.5522453272692474,tuerca,gato,nr,rctrl,lctrl,0.03343050583271179
140,0,0.5386178969670254,canguro,mesa,nr,lctrl,lctrl,0.033381337571881886
141,0,0.5921375482080293,peine,tornillo,wro,lctrl,lctrl,0.03336122328391866
142,0,0.5474511425331912,llave,zapato,wro,lctrl,lctrl,0.03340340741624459
143,0,0.5223423647416894,mariposa,vaso,nr,lctrl,lctrl,0.03341206773484373
144,0,0.48278789622690965,destornillador,tornillo,sro,lctrl,lctrl,0.03342519789521248
145,0,0.5441736310062879,tijera,leon,nr,rctrl,lctrl,0.033369045507242845
146,0,0.5910304242574966,hormiga,pato,wra,rctrl,lctrl,0.033381337571881886
147,0,0.5933578150293215,mosca,zorro,wra,rctrl,lctrl,0.033381058206941816
148,0,0.5078120263888195,puerta,mono,nr,rctrl,lctrl,0.03335479788665907
149,0,0.5282987083551234,escritorio,leon,nr,rctrl,lctrl,0.03336457566547324
150,0,0.6487240696792469,raton,cabra,wra,rctrl,lctrl,0.03338301376288655
151,0,0.5725504219112736,copa,pato,nr,rctrl,lctrl,0.03339362963743042
152,0,0.46451127168393214,sobre,gato,nr,rctrl,lctrl,0.033407318528134056
153,0,0.5126997984380068,jirafa,cebra,sra,rctrl,lctrl,0.03342408043499745
154,1,0.45177808911466855,avestruz,zapato,nr,rctrl,lctrl,0.0334087153537439
155,1,0.4064161785927354,elefante,mesa,nr,rctrl,lctrl,0.03336122328391866
156,0,0.8561920579290927,media,olla,wro,lctrl,lctrl,0.03336262010952851
157,0,0.5388480938222528,chancho,tornillo,nr,lctrl,lctrl,0.03338552804916617
158,0,1.1580013660950499,silla,mesa,sro,lctrl,lctrl,0.033369045507242845
159,0,0.46131226175384654,rinoceronte,tenedor,nr,lctrl,lctrl,0.033413743925848394
160,0,0.5484252886890317,cama,mono,nr,rctrl,lctrl,0.033383851858161506
161,0,0.43386799160225564,lapiz,zorro,nr,rctrl,lctrl,0.03337826455617687
162,0,0.42937216880909546,martillo,clavo,sro,lctrl,lctrl,0.03341178836990366
163,0,0.4622565158420002,jarra,cabra,nr,rctrl,lctrl,0.03338217566761159
164,0,0.5275603463569496,abeja,gato,wra,rctrl,lctrl,0.033375750270352
165,0,0.5392987097520745,cuchara,cigarrillo,wro,lctrl,lctrl,0.0335735407716129
166,0,0.5506007048379615,pipa,cigarrillo,sro,lctrl,lctrl,0.03336401693513835
167,0,0.5452561708261783,pinguino,clavo,nr,lctrl,lctrl,0.03339418836731056
168,0,0.5757094826299181,botella,vaso,sro,lctrl,lctrl,0.03340340741624459
169,0,0.6076699692275724,regla,clavo,wro,lctrl,lctrl,0.03337016296745787
170,0,0.5396873066270018,candado,cebra,nr,rctrl,lctrl,0.03332239153314731
171,0,0.8538906481130653,cisne,pato,sra,rctrl,lctrl,0.033358150267304154
172,0,0.7910885322016838,tigre,leon,sra,rctrl,lctrl,0.033377705825841986
173,0,0.48874032872890893,gorila,mono,sra,rctrl,lctrl,0.033383572493221436
174,0,0.43896891923441217,pava,zorro,nr,rctrl,lctrl,0.03331093756332848
175,0,0.6194309611978497,cuchillo,tenedor,sro,lctrl,lctrl,0.033381616937276704
176,0,0.817763430827199,oveja,cabra,sra,rctrl,lctrl,0.03337658836562696
177,0,0.5601038679496924,bota,zapato,sro,lctrl,lctrl,0.03340675979734442
178,0,0.4876681254181676,perro,gato,sra,rctrl,lctrl,0.03338022011166686
179,0,0.6805783975337363,ardilla,vaso,nr,lctrl,lctrl,0.03331680423070793
180,0,0.5193852850011353,bowl,caballo,nr,rctrl,lctrl,0.033356753442149056
181,0,0.8700910311226835,taza,cabra,nr,rctrl,lctrl,0.03336122328391866
182,0,0.7221406631292666,sapo,cebra,wra,rctrl,lctrl,0.03320310262915882
183,0,0.6736487458601914,burro,caballo,sra,rctrl,lctrl,0.03336429630053317
184,0,0.5140387954334074,serrucho,caballo,nr,rctrl,lctrl,0.03338552804916617
185,0,0.576270447780189,cocodrilo,cigarrillo,nr,lctrl,lctrl,0.033380499477061676
186,0,0.56602221790763,conejo,clavo,nr,lctrl,lctrl,0.03335200423543938
187,0,0.5220744535963604,ventana,cebra,nr,rctrl,lctrl,0.03340787725846894
188,0,0.5279148606878152,gallo,cigarrillo,nr,lctrl,lctrl,0.033375191539562366
189,0,0.6681513991302381,zorrino,zorro,sra,rctrl,lctrl,0.033387204239716084
190,0,0.5385064302868159,camello,zapato,nr,lctrl,lctrl,0.033387483604656154
191,0,0.5437417325388196,oso,olla,nr,lctrl,lctrl,0.03339809947920003
192,0,0.5973256377556027,ciervo,tenedor,nr,lctrl,lctrl,0.03340396614657948
193,0,0.576083273153472,cuchillo,tenedor,sro,lctrl,lctrl,0.03337016296791262
194,0,0.5594912202527667,canguro,mesa,nr,lctrl,lctrl,0.033393350272035605
195,0,0.5227197870121927,gallo,cigarrillo,nr,lctrl,lctrl,0.03340452487645962
196,0,0.5962380693636078,hacha,vaso,wro,lctrl,lctrl,0.03340536297218932
197,0,0.6452099358994019,chancho,tornillo,nr,lctrl,lctrl,0.03339223281136583
198,0,0.4797196291706314,martillo,clavo,sro,lctrl,lctrl,0.03339362963743042
199,0,0.5297854894965894,oso,olla,nr,lctrl,lctrl,0.03337323598407238
200,0,0.5902677574940753,escarabajo,leon,wra,rctrl,lctrl,0.033375470904502436
201,0,0.4650915130273461,silla,mesa,sro,lctrl,lctrl,0.03336681058635804
202,0,0.532706251772197,bowl,caballo,nr,rctrl,lctrl,0.033404804241854436
203,0,0.6790357433692407,abeja,gato,wra,rctrl,lctrl,0.03336820741196789
204,0,0.49318865945269863,sarten,olla,sro,lctrl,lctrl,0.03340648043240435
205,0,0.5754586127568473,tigre,leon,sra,rctrl,lctrl,0.0333874836051109
206,0,0.5598066234674661,tortuga,tornillo,nr,lctrl,lctrl,0.033393350272035605
207,0,0.5801846324043254,candado,cebra,nr,rctrl,lctrl,0.03338301376288655
208,0,0.7049912768243303,oveja,cabra,sra,rctrl,lctrl,0.033526886797062616
209,0,0.5396110399506142,gorila,mono,sra,rctrl,lctrl,0.0333690455067881
210,0,0.5916793894198236,cuchara,cigarrillo,wro,lctrl,lctrl,0.0333617820137988
211,0,0.6068950103995121,pinguino,clavo,nr,lctrl,lctrl,0.03339083598621073
212,0,0.4957238978699934,cama,mono,nr,rctrl,lctrl,0.03338273439794648
213,0,0.5043328132487659,media,olla,wro,lctrl,lctrl,0.0333771470955071
214,0,0.5072418421896145,hormiga,pato,wra,rctrl,lctrl,0.03339390900237049
215,0,0.518107748330749,bota,zapato,sro,lctrl,lctrl,0.03340620106746428
216,0,0.5291024417906556,llave,zapato,wro,lctrl,lctrl,0.033387483604656154
217,0,0.5229687013293187,rinoceronte,tenedor,nr,lctrl,lctrl,0.033384689953436464
218,1,0.74961035550632,serrucho,caballo,nr,lctrl,lctrl,0.03317041691070699
219,0,0.8864277443085484,ardilla,vaso,nr,lctrl,lctrl,0.033372397888342675
220,0,0.5585919439481586,escritorio,leon,nr,rctrl,lctrl,0.033354239156324184
221,0,0.9152573860646953,mariposa,vaso,nr,lctrl,lctrl,0.03336150264885873
222,0,0.6382671540654883,conejo,clavo,nr,lctrl,lctrl,0.03337128042812765
223,0,0.558598648710813,zorrino,zorro,sra,rctrl,lctrl,0.03337351534901245
224,0,0.7571101913790699,raton,cabra,wra,rctrl,lctrl,0.03336262010952851
225,0,0.5407969448633594,cocodrilo,cigarrillo,nr,lctrl,lctrl,0.03337155979306772
226,0,0.6117945157834583,burro,caballo,sra,rctrl,lctrl,0.03340368678163941
227,0,0.5276321431915676,ventana,cebra,nr,rctrl,lctrl,0.03338189630267152
228,0,0.5899115669726598,ciervo,tenedor,nr,lctrl,lctrl,0.03337100106318758
229,0,0.506328318263968,cisne,pato,sra,rctrl,lctrl,0.03335898836303386
230,0,0.6039686608214652,lapiz,zorro,nr,rctrl,lctrl,0.033407597893074126
231,0,0.610039823497118,tijera,leon,nr,rctrl,lctrl,0.03337966138178672
232,0,0.5844097504009369,pincel,pato,nr,rctrl,lctrl,0.03339139471654562
233,0,0.5535692385483344,taza,cabra,nr,rctrl,lctrl,0.033390277255875844
234,0,0.5354996235555518,sobre,gato,nr,rctrl,lctrl,0.03325729946118372
235,0,0.5190296532100547,avestruz,zapato,nr,lctrl,lctrl,0.03339167408148569
236,0,0.6060356833063452,botella,vaso,sro,lctrl,lctrl,0.033378264555722126
237,0,0.5628832714774035,aguila,mono,wra,rctrl,lctrl,0.033381616937276704
238,0,0.5522252129812841,camello,zapato,nr,lctrl,lctrl,0.03337658836517221
239,0,0.5242677491132781,jarra,cabra,nr,rctrl,lctrl,0.03337463280922748
240,0,0.9001093714423405,copa,pato,nr,rctrl,lctrl,0.03337630900023214
241,0,0.5281296924608796,peine,tornillo,wro,lctrl,lctrl,0.0333911153511508
242,0,1.0817170897416872,mosca,zorro,wra,rctrl,lctrl,0.03338608677904631
243,0,0.4971531297974252,pipa,cigarrillo,sro,lctrl,lctrl,0.03337575026989725
244,0,0.43783218258204215,perro,gato,sra,rctrl,lctrl,0.03338022011166686
245,0,0.3910365702904528,regla,clavo,wro,lctrl,lctrl,0.03339754074886514
246,0,0.41791652290976344,sapo,cebra,wra,rctrl,lctrl,0.03336513439580813
247,0,0.5204351391030286,elefante,mesa,nr,lctrl,lctrl,0.03340620106746428
248,0,0.6111299061749378,destornillador,tornillo,sro,lctrl,lctrl,0.033387483604656154
249,0,0.5722350186965741,gallina,olla,nr,lctrl,lctrl,0.033404524876914365
250,0,0.6278398511544765,jirafa,cebra,sra,rctrl,lctrl,0.0334805121883619
251,0,0.5809165690052396,arana,caballo,wra,rctrl,lctrl,0.03335647407675424
252,0,0.5305506705462903,pinza,mesa,wro,lctrl,lctrl,0.03340564233712939
253,0,0.624797006323206,tuerca,gato,nr,rctrl,lctrl,0.03338273439794648
254,0,0.6987541712705934,pava,zorro,nr,rctrl,lctrl,0.033228524854621355
255,0,0.5556449213518135,sombrero,tenedor,wro,lctrl,lctrl,0.033396143923255295
256,0,0.7153188463898914,puerta,mono,nr,rctrl,lctrl,0.03336792804702782

LIKERT preobjetiva,3

ETAPA DE VISIBILIDAD
Num Trial,"Calidad respuesta (1:correcto, 0:error)",Tiempo Resp,Prime,Target,Categoria,Tecla presionada (vacio si no se presiono),Tecla para responder afirmativamente,Tiempo de aparicion del prime
-19,1,1.2654217225931461,hilo,serpiente,sra,lctrl,lctrl,0.10013563176335083
-18,1,1.2100968139802717,pavo,rueda,sro,rctrl,lctrl,0.10019457780254015
-17,1,0.8873577507752088,violin,mapache,sra,lctrl,lctrl,0.10016803811640784
-16,1,1.2272202193294106,pavo,rueda,sro,rctrl,lctrl,0.10018033018195638
-15,1,0.7170134751763726,violin,mapache,sra,lctrl,lctrl,0.10019401907220526
-14,1,0.9551537974798521,mapache,violin,sro,rctrl,lctrl,0.10014876192371958
-13,1,0.6070313405753041,carro,buho,sra,lctrl,lctrl,0.10016747938607296
-12,1,0.852961200376285,carro,buho,sra,lctrl,lctrl,0.10017669843500698
-11,1,0.5534689464720941,carro,buho,sra,lctrl,lctrl,0.1002415111420305
-10,1,0.7389282716098933,rueda,pavo,sra,lctrl,lctrl,0.10014652700283477
-9,1,1.088121255634178,buho,carro,sro,rctrl,lctrl,0.03338245503255166
-8,1,1.2785186385417546,buho,carro,sro,rctrl,lctrl,0.03337407407889259
-7,1,0.7211748979266304,hilo,serpiente,sra,lctrl,lctrl,0.033404524876914365
-6,1,0.6451361835092939,violin,mapache,sra,lctrl,lctrl,0.03338496931883128
-5,1,0.6353530965529899,carro,buho,sra,lctrl,lctrl,0.033437769325246336
-4,1,0.6648272336287846,rueda,pavo,sra,lctrl,lctrl,0.0334087153537439
-3,1,0.7905985257903012,mapache,violin,sro,rctrl,lctrl,0.033388880430266
-2,1,1.0527128447888572,pavo,rueda,sro,rctrl,lctrl,0.0334204486885028
-1,1,0.6931014975366452,pavo,rueda,sro,rctrl,lctrl,0.033393350272035605
0,1,1.6098582361723857,buho,carro,sro,rctrl,lctrl,0.03340145186029986
1,1,1.8760862064873436,botella,vaso,sro,rctrl,lctrl,0.033374912174622295
2,1,0.7986028950604123,ardilla,vaso,nr,rctrl,lctrl,0.0334028486859097
3,1,1.4627233349488051,zorrino,zorro,sra,lctrl,lctrl,0.03339167408148569
4,1,1.0196449548752753,avestruz,zapato,nr,rctrl,lctrl,0.03337323598407238
5,1,1.088005877842079,sobre,gato,nr,lctrl,lctrl,0.03332211216775249
6,1,0.6947662342558942,gallo,cigarrillo,nr,rctrl,lctrl,0.03338217566761159
7,1,1.0252375651098191,abeja,gato,wra,lctrl,lctrl,0.03334138836089551
8,1,1.3947496120317737,llave,zapato,wro,rctrl,lctrl,0.0333983788441401
9,1,0.9781148162687714,escarabajo,leon,wra,lctrl,lctrl,0.033381058206941816
10,1,1.0382288810442333,lapiz,zorro,nr,lctrl,lctrl,0.03340228995602956
11,1,1.0470280440677016,gallina,olla,nr,rctrl,lctrl,0.03357242331094312
12,1,0.6840291154321676,puerta,mono,nr,lctrl,lctrl,0.033392791542155464
13,1,0.7476430663673455,pinza,mesa,wro,rctrl,lctrl,0.03337351534901245
14,1,1.9002716825743846,canguro,mesa,nr,rctrl,lctrl,0.03346458837677346
15,1,0.8779367210072451,arana,caballo,wra,lctrl,lctrl,0.03339195344688051
16,1,1.6544569212010174,mosca,zorro,wra,lctrl,lctrl,0.033381896302216774
17,1,1.0027497908249643,destornillador,tornillo,sro,rctrl,lctrl,0.03338860106532593
18,1,0.8870903983606695,cuchara,cigarrillo,wro,rctrl,lctrl,0.03340871535328915
19,1,0.7784858131408328,mariposa,vaso,nr,rctrl,lctrl,0.033422962974327675
20,1,1.5672874625133772,hacha,vaso,wro,rctrl,lctrl,0.033369604237122985
21,1,0.5567553976825366,sombrero,tenedor,wro,rctrl,lctrl,0.033405083606794506
22,1,0.35168967005574814,taza,cabra,nr,lctrl,lctrl,0.033396143923255295
23,1,0.6036890163413773,raton,cabra,wra,lctrl,lctrl,0.03340703916273924
24,1,1.019796091401986,cisne,pato,sra,lctrl,lctrl,0.03338133757233663
25,1,0.6157682051762094,tuerca,gato,nr,lctrl,lctrl,0.03339809947920003
26,1,0.6171273164609374,hormiga,pato,wra,lctrl,lctrl,0.033383851858161506
27,1,0.7282364099355618,pinguino,clavo,nr,rctrl,lctrl,0.0333654137607482
28,1,0.4136782747527832,oso,olla,nr,rctrl,lctrl,0.03338524868377135
29,1,0.8269070510350502,ciervo,tenedor,nr,rctrl,lctrl,0.033360385188643704
30,1,0.5311110769662264,cuchillo,tenedor,sro,rctrl,lctrl,0.03334837248894473
31,1,0.8723156155328979,candado,cebra,nr,lctrl,lctrl,0.033387762969596224
32,0,0,tortuga,tornillo,nr,,lctrl,0.03339223281182058
33,1,0.6087332328552293,burro,caballo,sra,lctrl,lctrl,0.03342715345115721
34,1,0.8458859994780141,oveja,cabra,sra,lctrl,lctrl,0.03338608677904631
35,1,0.7024825780936226,pipa,cigarrillo,sro,rctrl,lctrl,0.033601756647840375
36,1,0.5767830827662692,perro,gato,sra,lctrl,lctrl,0.03338915979566082
37,1,0.8392209065677889,gorila,mono,sra,lctrl,lctrl,0.03338329312782662
38,1,0.6021843558328328,aguila,mono,wra,lctrl,lctrl,0.03340452487645962
39,1,0.48475546473036957,pava,zorro,nr,lctrl,lctrl,0.03338552804871142
40,1,0.599276723717594,sarten,olla,sro,rctrl,lctrl,0.03338245503255166
41,1,0.47390408557566843,serrucho,caballo,nr,lctrl,lctrl,0.03335842963315372
42,0,0.7495905205823874,tijera,leon,nr,rctrl,lctrl,0.0333911153511508
43,1,0.8395175923196803,jirafa,cebra,sra,lctrl,lctrl,0.03340899471868397
44,1,0.7874011920512203,silla,mesa,sro,rctrl,lctrl,0.033384689953436464
45,1,0.6175161927012596,pincel,pato,nr,lctrl,lctrl,0.033392791542155464
46,1,0.7425985704894629,cocodrilo,cigarrillo,nr,rctrl,lctrl,0.03337910265099708
47,0,0.8702418882849088,jarra,cabra,nr,rctrl,lctrl,0.033351166139709676
48,1,0.9495695681989673,bota,zapato,sro,rctrl,lctrl,0.033401731225694675
49,1,0.8375977952500762,tigre,leon,sra,lctrl,lctrl,0.03337854392111694
50,1,0.5974737012666083,camello,zapato,nr,rctrl,lctrl,0.03339055662127066
51,1,0.6105133473665774,copa,pato,nr,lctrl,lctrl,0.03338860106532593
52,1,0.8919412942150302,peine,tornillo,wro,rctrl,lctrl,0.033375191539562366
53,0,0.5829201756087059,martillo,clavo,sro,lctrl,lctrl,0.03347715980680732
54,1,1.2228450822658488,elefante,mesa,nr,rctrl,lctrl,0.03339446773270538
55,1,0.6472249964735965,conejo,clavo,nr,rctrl,lctrl,0.033383572493221436
56,1,0.5559150674180273,regla,clavo,wro,rctrl,lctrl,0.03339949630480987
57,1,0.9192436468883898,chancho,tornillo,nr,rctrl,lctrl,0.03339195344642576
58,1,1.5812043150735917,sapo,cebra,wra,lctrl,lctrl,0.03336876614184803
59,1,0.9249999650792233,rinoceronte,tenedor,nr,rctrl,lctrl,0.033384131223101576
60,0,0.8807552356520318,bowl,caballo,nr,rctrl,lctrl,0.0334006137650249
61,0,0.9209203963073378,ventana,cebra,nr,rctrl,lctrl,0.03338105820739656
62,0,0.9359454902787547,escritorio,leon,nr,rctrl,lctrl,0.03339446773270538
63,0,0,media,olla,wro,,lctrl,0.0333690455067881
64,1,1.0218988726219322,cama,mono,nr,lctrl,lctrl,0.03335842963269897
65,1,0.573042663243541,raton,cabra,wra,lctrl,lctrl,0.03340815662340901
66,1,0.6739560474870814,sombrero,tenedor,wro,rctrl,lctrl,0.033389997890935774
67,1,0.9353931854466282,lapiz,zorro,nr,lctrl,lctrl,0.03339782011425996
68,1,0.65091792392559,tigre,leon,sra,lctrl,lctrl,0.03338496931883128
69,1,0.8263128414364473,puerta,mono,nr,lctrl,lctrl,0.033383572493221436
70,1,1.1224108091946619,avestruz,zapato,nr,rctrl,lctrl,0.033357032807089126
71,1,0.6577553851111588,cama,mono,nr,lctrl,lctrl,0.033388880430266
72,1,0.9675042498420225,gallo,cigarrillo,nr,rctrl,lctrl,0.03337044233239794
73,0,0.9684580023440503,cuchillo,tenedor,sro,lctrl,lctrl,0.0334028486859097
74,1,1.093206538819686,copa,pato,nr,lctrl,lctrl,0.0334863788552866
75,1,0.6650708400093208,arana,caballo,wra,lctrl,lctrl,0.0333793820163919
76,1,0.4913859163661982,ventana,cebra,nr,lctrl,lctrl,0.0334629121857688
77,1,0.6887436811102816,taza,cabra,nr,lctrl,lctrl,0.033386924874776014
78,1,0.6524259368161438,gallina,olla,nr,rctrl,lctrl,0.033387762969596224
79,1,0.6533989655108599,candado,cebra,nr,lctrl,lctrl,0.033384689953436464
80,1,0.6106913029443604,hormiga,pato,wra,lctrl,lctrl,0.033386366144441126
81,1,0.5975681266754691,aguila,mono,wra,lctrl,lctrl,0.03340592170206946
82,1,0.7417694148280134,pipa,cigarrillo,sro,rctrl,lctrl,0.03316566770354257
83,1,0.6302910006716047,jarra,cabra,nr,lctrl,lctrl,0.03339726138347032
84,0,0.522976802917583,pincel,pato,nr,rctrl,lctrl,0.03340117249535979
85,1,0.946894367859386,regla,clavo,wro,rctrl,lctrl,0.03338804233499104
86,1,0.8535668639451615,bowl,caballo,nr,lctrl,lctrl,0.03338105820739656
87,1,1.0185381102901374,pava,zorro,nr,lctrl,lctrl,0.033407877258014196
88,1,0.5714852027285815,escarabajo,leon,wra,lctrl,lctrl,0.033416258211673266
89,1,0.7087632646052953,botella,vaso,sro,rctrl,lctrl,0.033354239155869436
90,1,1.3753348540103616,rinoceronte,tenedor,nr,rctrl,lctrl,0.03337882328651176
91,1,0.6619383189754444,chancho,tornillo,nr,rctrl,lctrl,0.03340005503469001
92,1,1.0011562922099984,cocodrilo,cigarrillo,nr,rctrl,lctrl,0.033521299494623236
93,1,1.3067820072101313,destornillador,tornillo,sro,rctrl,lctrl,0.03340899471868397
94,1,0.7740165300338049,ardilla,vaso,nr,rctrl,lctrl,0.03341793440222318
95,0,0.5847606329853079,jirafa,cebra,sra,rctrl,lctrl,0.03334893121882487
96,1,0.4939887611408267,llave,zapato,wro,rctrl,lctrl,0.03336373757019828
97,1,0.502357422521527,gorila,mono,sra,lctrl,lctrl,0.0334006137650249
98,1,1.2086290296665538,mariposa,vaso,nr,rctrl,lctrl,0.033360664553583774
99,0,1.0896234018564428,media,olla,wro,lctrl,lctrl,0.03338022011166686
100,1,0.665382890842011,elefante,mesa,nr,rctrl,lctrl,0.03336150264931348
101,1,0.6066159246502139,oso,olla,nr,rctrl,lctrl,0.03339698201853025
102,1,0.5780740289610549,abeja,gato,wra,lctrl,lctrl,0.03337658836517221
103,1,0.5213941995425557,oveja,cabra,sra,lctrl,lctrl,0.033365972491083085
104,1,0.5013187430240578,martillo,clavo,sro,rctrl,lctrl,0.033380499477061676
105,1,0.722624523507875,cisne,pato,sra,lctrl,lctrl,0.033491407427391096
106,1,0.6419050465910914,conejo,clavo,nr,rctrl,lctrl,0.03338496931883128
107,1,0.6597978234667607,tortuga,tornillo,nr,rctrl,lctrl,0.03338776297005097
108,1,0.70665070560608,silla,mesa,sro,rctrl,lctrl,0.0333992169398698
109,1,1.7503741397304111,ciervo,tenedor,nr,rctrl,lctrl,0.03338943916014614
110,1,0.9741059268708341,escritorio,leon,nr,lctrl,lctrl,0.03339390900237049
111,1,1.0463687423962256,sarten,olla,sro,rctrl,lctrl,0.03338496931883128
112,1,0.6838103725476685,peine,tornillo,wro,rctrl,lctrl,0.03333133121668652
113,1,0.4465204376529073,serrucho,caballo,nr,lctrl,lctrl,0.03339698201853025
114,1,0.6436169960152256,sobre,gato,nr,lctrl,lctrl,0.03336792804657307
115,1,1.1182340213626958,hacha,vaso,wro,rctrl,lctrl,0.03338636614398638
116,0,0.7515558541654173,sapo,cebra,wra,rctrl,lctrl,0.03338022011166686
117,1,0.5468614027759031,perro,gato,sra,lctrl,lctrl,0.033366531220963225
118,1,0.5405946845194194,burro,caballo,sra,lctrl,lctrl,0.03340256932096963
119,1,0.6211529677657381,pinza,mesa,wro,rctrl,lctrl,0.03335256296531952
120,1,0.8160196337803427,tuerca,gato,nr,lctrl,lctrl,0.03338245503300641
121,1,0.775588517534743,tijera,leon,nr,lctrl,lctrl,0.03338580741410624
122,1,0.6316001056002278,canguro,mesa,nr,rctrl,lctrl,0.03341262646517862
123,1,0.9585961344255338,bota,zapato,sro,rctrl,lctrl,0.033414302655728534
124,0,0.6896175351894271,pinguino,clavo,nr,lctrl,lctrl,0.03338217566761159
125,1,0.7123304777569501,zorrino,zorro,sra,lctrl,lctrl,0.03340228995602956
126,1,0.9381323603975034,camello,zapato,nr,rctrl,lctrl,0.03337100106318758
127,0,1.2604506997404314,mosca,zorro,wra,rctrl,lctrl,0.03337044233285269
128,1,0.8111145410939571,cuchara,cigarrillo,wro,rctrl,lctrl,0.033384689953436464
LIKERT postobjetiva,4

LIKERT_SIMILITUD
raton,cabra,6
sombrero,tenedor,4
lapiz,zorro,1
tigre,leon,6
puerta,mono,2
avestruz,zapato,2
cama,mono,1
gallo,cigarrillo,1
cuchillo,tenedor,6
copa,pato,1
arana,caballo,5
ventana,cebra,1
taza,cabra,1
gallina,olla,1
candado,cebra,1
hormiga,pato,4
aguila,mono,4
pipa,cigarrillo,6
jarra,cabra,3
pincel,pato,1
regla,clavo,2
bowl,caballo,1
pava,zorro,1
escarabajo,leon,4
botella,vaso,6
rinoceronte,tenedor,1
chancho,tornillo,1
cocodrilo,cigarrillo,1
destornillador,tornillo,6
ardilla,vaso,1
jirafa,cebra,6
llave,zapato,6
gorila,mono,6
mariposa,vaso,1
media,olla,6
elefante,mesa,1
oso,olla,1
abeja,gato,6
oveja,cabra,6
martillo,clavo,6
cisne,pato,6
conejo,clavo,1
tortuga,tornillo,1
silla,mesa,6
ciervo,tenedor,1
escritorio,leon,1
sarten,olla,6
peine,tornillo,6
serrucho,caballo,1
sobre,gato,1
hacha,vaso,1
sapo,cebra,5
perro,gato,6
burro,caballo,6
pinza,mesa,4
tuerca,gato,1
tijera,leon,1
canguro,mesa,1
bota,zapato,6
pinguino,clavo,1
zorrino,zorro,4
camello,zapato,1
mosca,zorro,4
cuchara,cigarrillo,3
Tiempo Bloque 1,35.326292028735224
Tiempo Bloque 2,199.71974650409493
Tiempo Bloque 3,200.5624460650729
Tiempo Bloque 4,197.21479126537042
Tiempo Bloque 5,196.24014700192356
Tiempo Bloque 6,38.7769652288207
Tiempo Bloque 7,39.898760876033066
Tiempo Bloque 8,217.40637762620645
Tiempo Bloque 9,210.29626670428797
Tiempo Total,2070.8606912331034
