Nombre,150
Apellido,13_04
Edad,27
Sexo,Masculino
Antecendente neurologico?,No
Toma alguna medicacion?,No
Trabaja?,Si
Horas de sueño la noche anterior?,5
Dibujar,Alta preferencia de mano derecha
Arrojar un objeto,Alta preferencia de mano derecha
Escribir,Alta preferencia de mano derecha
Usar tijeras,Alta preferencia de mano derecha
Usa un cepillo de diente,Alta preferencia de mano derecha
Usar una cuchara,Preferencia moderada de mano derecha
Usar una escoba (La mano que va arriba),Preferencia moderada de mano derecha
Encender un fósforo,Alta preferencia de mano derecha
Abrir una caja (La mano que abre la caja),Preferencia moderada de mano derecha
SYSTEM
System,Windows
Node,u-76627f80a4294
Release,XP
Version,5.1.2600
Machine,x86
Processor,"x86 Family 18 Model 1 Stepping 0, AuthenticAMD"
Screen Width,1280
Screen Height,720
""
Estimulos
Imagenes
ETAPA DE TEST
Num Trial,"Calidad respuesta (1:correcto, 0:error)",Tiempo Resp,Prime,Target,Categoria,Tecla presionada (vacio si no se presiono),Tecla para responder afirmativamente,Tiempo de aparicion del prime
-9,1,0.9855679981701542,serpiente,hilo,sro,lctrl,rctrl,0.03339167407830246
-8,1,0.41002501714683603,carro,buho,sra,rctrl,rctrl,0.03338357249594992
-7,1,0.5320947215368506,hilo,pavo,sra,rctrl,rctrl,0.033388880430720747
-6,1,0.4012758604803821,hilo,pavo,sra,rctrl,rctrl,0.033384410588041646
-5,1,0.43375903920968994,mapache,violin,sro,lctrl,rctrl,0.033416537575249095
-4,1,0.436400715734635,violin,mapache,sra,rctrl,rctrl,0.03340508360997774
-3,0,0.41944185643660603,buho,carro,sro,rctrl,rctrl,0.03337183915937203
-2,1,0.4299448672973085,serpiente,hilo,sro,lctrl,rctrl,0.033376029634382576
-1,1,0.4494046030995378,violin,mapache,sra,rctrl,rctrl,0.033408156621590024
0,1,0.4120850555045763,buho,carro,sro,lctrl,rctrl,0.033173489926412
1,1,0.3895997955041821,zorrino,zorro,sra,rctrl,rctrl,0.03350761060210061
2,1,0.5025325844508188,tijera,leon,nr,rctrl,rctrl,0.033412626464269124
3,1,0.4233881680484046,botella,vaso,sro,lctrl,rctrl,0.03338915979475132
4,0,0.5209268217040517,pincel,pato,nr,lctrl,rctrl,0.03363919157345663
5,1,0.42743337491265265,ventana,cebra,nr,rctrl,rctrl,0.03336457566547324
6,1,0.45074387946078787,hormiga,pato,wra,rctrl,rctrl,0.033383293128281366
7,1,0.5611919950715674,chancho,tornillo,nr,lctrl,rctrl,0.03322684866361669
8,1,0.299422971354943,aguila,mono,wra,rctrl,rctrl,0.03339558519292041
9,1,0.5260568033081654,ardilla,vaso,nr,lctrl,rctrl,0.033388880430720747
10,1,0.340846392489766,lapiz,zorro,nr,rctrl,rctrl,0.0333992169398698
11,1,0.4921547291633033,abeja,gato,wra,rctrl,rctrl,0.03337686773011228
12,1,0.4357106839015614,media,olla,wro,lctrl,rctrl,0.033378264557541115
13,1,0.35252189873426687,copa,pato,nr,rctrl,rctrl,0.03335898836303386
14,1,0.45000076825454016,pinza,mesa,wro,lctrl,rctrl,0.033363178838044405
15,1,0.47203178057679906,pinguino,clavo,nr,lctrl,rctrl,0.03341011217708001
16,1,0.5181242308754008,gallo,cigarrillo,nr,lctrl,rctrl,0.03346179472646327
17,1,0.4176765482770861,sobre,gato,nr,rctrl,rctrl,0.033382175668521086
18,1,0.476697457357659,sarten,olla,sro,lctrl,rctrl,0.03334921058558393
19,1,0.5018411557903164,jarra,cabra,nr,rctrl,rctrl,0.03339698201671126
20,1,0.47724333679434494,sombrero,tenedor,wro,lctrl,rctrl,0.033367648680723505
21,1,0.4756691143702483,cuchillo,tenedor,sro,lctrl,rctrl,0.03337016296791262
22,1,0.44432351038994966,jirafa,cebra,sra,rctrl,rctrl,0.03322573120385641
23,1,0.5059145785307919,cocodrilo,cigarrillo,nr,lctrl,rctrl,0.03342128678559675
24,1,0.36033965210663155,serrucho,caballo,nr,rctrl,rctrl,0.03334390264717513
25,0,0.4390583160711685,mariposa,vaso,nr,rctrl,rctrl,0.03330395343436976
26,1,0.5295698196277954,martillo,clavo,sro,lctrl,rctrl,0.03335842963133473
27,1,0.6418279418176098,oso,olla,nr,lctrl,rctrl,0.0334914074264816
28,1,0.4915107925735356,hacha,vaso,wro,lctrl,rctrl,0.03361265188868856
29,1,0.3927295228859293,sapo,cebra,wra,rctrl,rctrl,0.03336178201425355
30,1,0.4437904817496019,perro,gato,sra,rctrl,rctrl,0.033245845490455395
31,1,0.5414341766881989,avestruz,zapato,nr,lctrl,rctrl,0.0334173756709788
32,1,0.42088030741069815,escritorio,leon,nr,rctrl,rctrl,0.03340089313132921
33,1,0.45900582336616935,rinoceronte,tenedor,nr,lctrl,rctrl,0.03334948994961451
34,1,0.43260889302837313,gallina,olla,nr,lctrl,rctrl,0.033382734396582237
35,1,0.4420321577199502,llave,zapato,wro,lctrl,rctrl,0.033431064563046675
36,1,0.5194003707183583,canguro,mesa,nr,lctrl,rctrl,0.03341234710023855
37,1,0.45361547347783926,pipa,cigarrillo,sro,lctrl,rctrl,0.03338133757279138
38,1,0.4633426874097495,cuchara,cigarrillo,wro,lctrl,rctrl,0.03340564233803889
39,1,0.4438430023910769,oveja,cabra,sra,rctrl,rctrl,0.033384969319740776
40,1,0.5148604082351085,puerta,mono,nr,rctrl,rctrl,0.03338664550756221
41,1,0.4865070840023691,elefante,mesa,nr,lctrl,rctrl,0.03336513439717237
42,1,0.4837310328548483,candado,cebra,nr,rctrl,rctrl,0.03340648043376859
43,1,0.5966459424307686,camello,zapato,nr,lctrl,rctrl,0.03336513439353439
44,1,0.4961837328482943,peine,tornillo,wro,lctrl,rctrl,0.03334222645571572
45,1,0.4877497000306903,escarabajo,leon,wra,rctrl,rctrl,0.03339977567156893
46,1,0.4586529852276726,cisne,pato,sra,rctrl,rctrl,0.0333531216965639
47,1,0.5012969525450899,taza,cabra,nr,rctrl,rctrl,0.033383293128281366
48,1,0.4769039081802475,burro,caballo,sra,rctrl,rctrl,0.033363178841682384
49,1,0.45201471136533655,bowl,caballo,nr,rctrl,rctrl,0.033415978847187944
50,1,0.4124518618991715,cama,mono,nr,rctrl,rctrl,0.03335926773070241
51,1,0.4543381910298194,tortuga,tornillo,nr,lctrl,rctrl,0.033418772498407634
52,1,0.4223690441103827,mosca,zorro,wra,rctrl,rctrl,0.033386645511200186
53,1,0.4422117894864641,tigre,leon,sra,rctrl,rctrl,0.033410391541110585
54,1,0.46158659829598037,silla,mesa,sro,lctrl,rctrl,0.03338413122401107
55,1,0.36013096636816044,arana,caballo,wra,rctrl,rctrl,0.033420448686229065
56,1,0.41794250386737986,tuerca,gato,nr,rctrl,rctrl,0.03336792804839206
57,1,0.4221494631310634,destornillador,tornillo,sro,lctrl,rctrl,0.03341625821121852
58,1,0.42535825083905365,ciervo,tenedor,nr,lctrl,rctrl,0.03338133757279138
59,1,0.3799170006241184,gorila,mono,sra,rctrl,rctrl,0.033576055055164034
60,1,0.7945414850219095,raton,cabra,wra,rctrl,rctrl,0.033375470906321425
61,1,0.4222908218798693,pava,zorro,nr,rctrl,rctrl,0.03340508360633976
62,1,0.4153650813168497,conejo,clavo,nr,lctrl,rctrl,0.03354923600636539
63,1,0.5043682926188922,bota,zapato,sro,lctrl,rctrl,0.03338357249231194
64,1,0.4732506505715719,regla,clavo,wro,lctrl,rctrl,0.033382734400220215
65,1,0.47862479728792096,aguila,mono,wra,rctrl,rctrl,0.033331610582536086
66,1,0.5247837364804582,jirafa,cebra,sra,rctrl,rctrl,0.03340340741851833
67,1,0.43863088744546985,botella,vaso,sro,lctrl,rctrl,0.03342296297341818
68,1,0.3869086713530123,tuerca,gato,nr,rctrl,rctrl,0.033383293128281366
69,1,0.43341765503646457,bota,zapato,sro,lctrl,rctrl,0.03346179472646327
70,1,0.396413231290353,gorila,mono,sra,rctrl,rctrl,0.03339558519292041
71,1,0.49481875489800586,canguro,mesa,nr,lctrl,rctrl,0.03340592170570744
72,1,0.44513450731756166,hacha,vaso,wro,lctrl,rctrl,0.033265401048993226
73,1,0.45859403918802855,perro,gato,sra,rctrl,rctrl,0.03332490581669845
74,1,0.5072323437743762,puerta,mono,nr,rctrl,rctrl,0.03338357249594992
75,1,0.449852425379504,ventana,cebra,nr,rctrl,rctrl,0.033312613755697384
76,1,0.4840844297250442,regla,clavo,wro,lctrl,rctrl,0.03340256932278862
77,1,0.4685774309291446,sarten,olla,sro,lctrl,rctrl,0.033358708999003284
78,1,0.40281600035814336,destornillador,tornillo,sro,lctrl,rctrl,0.03333161057889811
79,0,0.4788005179434549,gallo,cigarrillo,nr,rctrl,rctrl,0.03340173122705892
80,1,0.4339964995524497,cuchara,cigarrillo,wro,lctrl,rctrl,0.03340508360997774
81,1,0.4585789534721698,rinoceronte,tenedor,nr,lctrl,rctrl,0.03319947087948094
82,1,0.4552408197123441,taza,cabra,nr,rctrl,rctrl,0.03337407407889259
83,1,0.46391734145072405,sombrero,tenedor,wro,lctrl,rctrl,0.03340228995875805
84,1,0.5415171481290599,oso,olla,nr,lctrl,rctrl,0.03310867722029798
85,1,0.4865520617859147,burro,caballo,sra,rctrl,rctrl,0.033405362970370334
86,1,0.49483858982057427,pinguino,clavo,nr,lctrl,rctrl,0.033375470906321425
87,1,0.4767438319649955,peine,tornillo,wro,lctrl,rctrl,0.033536105845996644
88,1,0.42893859415198676,zorrino,zorro,sra,rctrl,rctrl,0.03338077884109225
89,1,0.4484938728273846,camello,zapato,nr,lctrl,rctrl,0.03336904550815234
90,1,0.4535880956937035,raton,cabra,wra,rctrl,rctrl,0.033105324841017136
91,1,0.3908686718532408,tortuga,tornillo,nr,lctrl,rctrl,0.03339865821180865
92,1,0.4715529487693857,pincel,pato,nr,rctrl,rctrl,0.03338860106305219
93,1,0.4768200986436568,silla,mesa,sro,lctrl,rctrl,0.03338133757279138
94,1,0.5078285089330166,jarra,cabra,nr,rctrl,rctrl,0.03338720423926134
95,1,0.4710014820302604,pinza,mesa,wro,lctrl,rctrl,0.03336457566547324
96,1,0.5367648681603896,serrucho,caballo,nr,rctrl,rctrl,0.03338524868377135
97,1,0.5384536302808556,cama,mono,nr,rctrl,rctrl,0.033436093133786926
98,1,0.5118387951551995,escarabajo,leon,wra,rctrl,rctrl,0.033381616936821956
99,1,0.43190796595445136,candado,cebra,nr,rctrl,rctrl,0.0333486518538848
100,1,0.4388113573077135,conejo,clavo,nr,lctrl,rctrl,0.03338413122037309
101,1,0.38107580711948685,sobre,gato,nr,rctrl,rctrl,0.03342296297705616
102,1,0.477658193987736,ciervo,tenedor,nr,lctrl,rctrl,0.033386645511200186
103,1,0.432339305694768,oveja,cabra,sra,rctrl,rctrl,0.033388880430720747
104,1,0.44787144734800677,llave,zapato,wro,lctrl,rctrl,0.033391115353879286
105,1,0.49232039267371874,avestruz,zapato,nr,lctrl,rctrl,0.03337463280695374
106,1,0.5206577930985077,pava,zorro,nr,rctrl,rctrl,0.03337798518987256
107,1,0.4684240594833682,tigre,leon,sra,rctrl,rctrl,0.0334028486868192
108,1,0.520994707429054,copa,pato,nr,rctrl,rctrl,0.03337407407889259
109,1,0.45440132754447404,bowl,caballo,nr,rctrl,rctrl,0.03340508360633976
110,1,0.4161769163401914,escritorio,leon,nr,rctrl,rctrl,0.03338860106669017
111,1,0.39892388557927916,cisne,pato,sra,rctrl,rctrl,0.033382734396582237
112,1,0.3853612679813523,lapiz,zorro,nr,rctrl,rctrl,0.033346416930726264
113,1,0.4908179670892423,chancho,tornillo,nr,lctrl,rctrl,0.03338357249231194
114,1,0.3987635300036345,abeja,gato,wra,rctrl,rctrl,0.03342910900391871
115,1,0.5182965991516539,cuchillo,tenedor,sro,lctrl,rctrl,0.03341178836853942
116,1,0.5132724969262199,mariposa,vaso,nr,lctrl,rctrl,0.03338385185634252
117,1,0.4238072157240822,tijera,leon,nr,rctrl,rctrl,0.03338804233499104
118,0,0.4423176688651438,sapo,cebra,wra,lctrl,rctrl,0.033362620109983254
119,1,0.4743940919834131,media,olla,wro,lctrl,rctrl,0.03333328677035752
120,1,0.43611939506445196,martillo,clavo,sro,lctrl,rctrl,0.03336401693377411
121,1,0.3959651296463562,arana,caballo,wra,rctrl,rctrl,0.03325282962032361
122,1,0.379197635455057,mosca,zorro,wra,rctrl,rctrl,0.03336960423985147
123,1,0.5102377536823042,ardilla,vaso,nr,lctrl,rctrl,0.03340312805084977
124,1,0.4427752689225599,hormiga,pato,wra,rctrl,rctrl,0.033304232798400335
125,1,0.48987483046221314,pipa,cigarrillo,sro,lctrl,rctrl,0.0333620613819221
126,1,0.49463716757600196,elefante,mesa,nr,lctrl,rctrl,0.03340648043376859
127,1,0.456668375449226,gallina,olla,nr,lctrl,rctrl,0.03339279154170072
128,0,0.3439646659026039,cocodrilo,cigarrillo,nr,rctrl,rctrl,0.033382734396582237
129,1,0.49210556090110913,cisne,pato,sra,rctrl,rctrl,0.03340033439963008
130,1,0.4535520575918781,mosca,zorro,wra,rctrl,rctrl,0.03338245503255166
131,1,0.4652937733735598,ventana,cebra,nr,rctrl,rctrl,0.03338804233499104
132,1,0.46428498594104894,cuchillo,tenedor,sro,lctrl,rctrl,0.03340396614657948
133,1,0.4750098127005913,gallo,cigarrillo,nr,lctrl,rctrl,0.03337798518987256
134,1,0.5179686245028279,serrucho,caballo,nr,rctrl,rctrl,0.033381058208760805
135,1,0.48773573177459184,elefante,mesa,nr,lctrl,rctrl,0.033352004233165644
136,1,0.630793578511657,mariposa,vaso,nr,lctrl,rctrl,0.03337463281059172
137,1,0.467941875293036,hacha,vaso,wro,lctrl,rctrl,0.03338664550756221
138,1,0.5524637907910801,copa,pato,nr,rctrl,rctrl,0.03338971852281247
139,1,0.5652819003516925,llave,zapato,wro,lctrl,rctrl,0.03342128678195877
140,1,0.5146089796326123,pipa,cigarrillo,sro,lctrl,rctrl,0.033384410588041646
141,1,0.5559335055149859,pinguino,clavo,nr,lctrl,rctrl,0.03335619471181417
142,1,0.7631129096043878,perro,gato,sra,rctrl,rctrl,0.03340005503559951
143,1,0.46472191298016696,regla,clavo,wro,lctrl,rctrl,0.033383293128281366
144,1,0.5328624168723763,cama,mono,nr,rctrl,rctrl,0.033374912174622295
145,1,0.6933219166130584,taza,cabra,nr,rctrl,rctrl,0.03336010582279414
146,1,0.4999353269740823,tuerca,gato,nr,rctrl,rctrl,0.03337742646181141
147,1,0.38779621432331624,oveja,cabra,sra,rctrl,rctrl,0.03340955344901886
148,1,0.45374481952239876,rinoceronte,tenedor,nr,lctrl,rctrl,0.0333567534435133
149,1,0.458709137612459,martillo,clavo,sro,lctrl,rctrl,0.03339279154170072
150,1,0.370211297802598,peine,tornillo,wro,lctrl,rctrl,0.03338636614353163
151,0,0.42878522270257236,cocodrilo,cigarrillo,nr,rctrl,rctrl,0.03338692487523076
152,1,0.5090764328997466,tortuga,tornillo,nr,lctrl,rctrl,0.03341039154474856
153,1,0.46188384277775185,abeja,gato,wra,rctrl,rctrl,0.033356474075844744
154,1,0.5102980965457391,zorrino,zorro,sra,rctrl,rctrl,0.033374912174622295
155,1,0.5143340843605984,tijera,leon,nr,rctrl,rctrl,0.033352004233165644
156,1,0.39789638068396016,sobre,gato,nr,rctrl,rctrl,0.0333858074118325
157,1,0.6280454638799711,avestruz,zapato,nr,lctrl,rctrl,0.033414302655728534
158,1,0.44305966260799323,silla,mesa,sro,lctrl,rctrl,0.0333849693161028
159,1,0.4443383167417778,media,olla,wro,lctrl,rctrl,0.03340508360997774
160,1,0.43498098221971304,cuchara,cigarrillo,wro,lctrl,rctrl,0.03340005503559951
161,1,0.5479548378352774,jarra,cabra,nr,rctrl,rctrl,0.03334613756669569
162,1,0.44769097748212516,conejo,clavo,nr,lctrl,rctrl,0.03338720423926134
163,1,0.5328937057638541,pava,zorro,nr,rctrl,rctrl,0.03341653757888707
164,1,0.46236518887235434,gallina,olla,nr,lctrl,rctrl,0.03337854391793371
165,1,0.4985887871225714,pincel,pato,nr,rctrl,rctrl,0.03340424551061005
166,1,0.5019076446878898,sombrero,tenedor,wro,lctrl,rctrl,0.03338413122401107
167,1,0.5615054427289579,oso,olla,nr,lctrl,rctrl,0.03341011217708001
168,1,0.47950535612835665,chancho,tornillo,nr,lctrl,rctrl,0.03334557883499656
169,1,0.44538006925358786,botella,vaso,sro,lctrl,rctrl,0.03335647407948272
170,1,0.4954730279969226,tigre,leon,sra,rctrl,rctrl,0.03335451852399274
171,1,0.5142189859325299,sapo,cebra,wra,rctrl,rctrl,0.033385528051439906
172,1,0.44257524350177846,aguila,mono,wra,rctrl,rctrl,0.03340592170206946
173,1,0.43623812523583183,pinza,mesa,wro,lctrl,rctrl,0.033431623294745805
174,1,0.46999297396905604,puerta,mono,nr,rctrl,rctrl,0.03339809948010952
175,1,0.45471812758478336,candado,cebra,nr,rctrl,rctrl,0.03340592170206946
176,1,0.4190328659096849,escarabajo,leon,wra,rctrl,rctrl,0.03322824548740755
177,1,0.40774316288661794,raton,cabra,wra,rctrl,rctrl,0.03338832169902162
178,1,0.4611083252202661,bowl,caballo,nr,rctrl,rctrl,0.03337770582220401
179,1,0.3862706014297146,jirafa,cebra,sra,rctrl,rctrl,0.03335926773070241
180,1,0.4758956794794358,camello,zapato,nr,lctrl,rctrl,0.03336178201425355
181,1,0.416221894123737,bota,zapato,sro,lctrl,rctrl,0.03336178201425355
182,1,0.5833168740718975,lapiz,zorro,nr,rctrl,rctrl,0.03353079790758784
183,1,0.5055586673734069,destornillador,tornillo,sro,lctrl,rctrl,0.03336401693741209
184,1,0.43191969929102925,hormiga,pato,wra,rctrl,rctrl,0.033381058208760805
185,1,0.4825057374619064,canguro,mesa,nr,lctrl,rctrl,0.033432740750868106
186,1,0.5266948732314631,ardilla,vaso,nr,lctrl,rctrl,0.03339977567156893
187,1,0.4716152471883106,burro,caballo,sra,rctrl,rctrl,0.033371559795341454
188,1,0.5624513730108447,sarten,olla,sro,lctrl,rctrl,0.03319891215141979
189,1,0.4902916432110942,escritorio,leon,nr,rctrl,rctrl,0.03340899471731973
190,1,0.37197492977429647,gorila,mono,sra,rctrl,rctrl,0.03340452487827861
191,0,0.421233704280894,arana,caballo,wra,lctrl,rctrl,0.03336681058863178
192,1,0.4627509920974262,ciervo,tenedor,nr,lctrl,rctrl,0.03338385185634252
193,1,0.5552085530398472,pipa,cigarrillo,sro,lctrl,rctrl,0.03340452487827861
194,1,0.37261020604273654,lapiz,zorro,nr,rctrl,rctrl,0.03339614392461954
195,1,0.42743449237241293,sarten,olla,sro,lctrl,rctrl,0.033381616936821956
196,1,0.37906102591296076,taza,cabra,nr,rctrl,rctrl,0.03335954709473299
197,1,0.41595342424625414,sapo,cebra,wra,rctrl,rctrl,0.033506772510008886
198,1,0.3525766542952624,mosca,zorro,wra,rctrl,rctrl,0.03340592170206946
199,1,0.37201012978039216,zorrino,zorro,sra,rctrl,rctrl,0.03339139471790986
200,1,0.3622563761564379,copa,pato,nr,rctrl,rctrl,0.03321204231178854
201,1,0.39487225331686204,tijera,leon,nr,rctrl,rctrl,0.03335842963497271
202,1,0.4309385690066847,ventana,cebra,nr,rctrl,rctrl,0.03338468995207222
203,1,0.37680543197711813,jirafa,cebra,sra,rctrl,rctrl,0.033320435977657326
204,1,0.3958327105829085,raton,cabra,wra,rctrl,rctrl,0.03337519153865287
205,1,0.5163016528640583,regla,clavo,wro,lctrl,rctrl,0.03338357249594992
206,1,0.5021202415373409,pinguino,clavo,nr,lctrl,rctrl,0.033348093122185674
207,1,0.49374347857155954,gorila,mono,sra,rctrl,rctrl,0.0334073185294983
208,1,0.42953420057529,cisne,pato,sra,rctrl,rctrl,0.03338217566488311
209,1,0.45186301611101953,peine,tornillo,wro,lctrl,rctrl,0.033383851859980496
210,1,0.5604815695842262,chancho,tornillo,nr,lctrl,rctrl,0.03338860106305219
211,1,0.5696028405836842,cocodrilo,cigarrillo,nr,lctrl,rctrl,0.03339418836912955
212,1,0.4925050530182489,perro,gato,sra,rctrl,rctrl,0.033360943918523844
213,1,0.4956311486530467,gallo,cigarrillo,nr,lctrl,rctrl,0.03334809312582365
214,1,0.6986438220483251,llave,zapato,wro,lctrl,rctrl,0.03338524868377135
215,1,0.6395907859805448,hacha,vaso,wro,lctrl,rctrl,0.03334138835998601
216,1,0.44944566977210343,ardilla,vaso,nr,lctrl,rctrl,0.033378264553903136
217,1,0.3534178226545919,burro,caballo,sra,rctrl,rctrl,0.03345760425145272
218,1,0.41400988114401116,arana,caballo,wra,rctrl,rctrl,0.03333105185083696
219,1,0.602797841624124,canguro,mesa,nr,lctrl,rctrl,0.03337966138133197
220,1,0.523371266459435,hormiga,pato,wra,rctrl,rctrl,0.03339865820817067
221,1,0.35726188663829817,serrucho,caballo,nr,rctrl,rctrl,0.033362620109983254
222,1,0.4452370343169605,sombrero,tenedor,wro,lctrl,rctrl,0.03350649314234033
223,0,0.38583590931011713,camello,zapato,nr,rctrl,rctrl,0.03340256931915064
224,1,0.41599225599929923,abeja,gato,wra,rctrl,rctrl,0.03363807411369635
225,1,0.4365806268688175,pava,zorro,nr,rctrl,rctrl,0.03343413757829694
226,1,0.40264726382883964,tigre,leon,sra,rctrl,rctrl,0.033374912174622295
227,1,0.5769465113589831,ciervo,tenedor,nr,lctrl,rctrl,0.033362620109983254
228,1,0.4693990437335742,rinoceronte,tenedor,nr,lctrl,rctrl,0.033376029634382576
229,1,0.44360135156603064,escarabajo,leon,wra,rctrl,rctrl,0.033383851859980496
230,1,0.48557260769302957,tortuga,tornillo,nr,lctrl,rctrl,0.03334362328314455
231,1,0.5923613196682709,botella,vaso,sro,lctrl,rctrl,0.03338524868377135
232,1,0.48314715976448497,oso,olla,nr,lctrl,rctrl,0.03339530582888983
233,1,0.38280144543386996,cuchillo,tenedor,sro,lctrl,rctrl,0.03335340106059448
234,1,0.512449766658392,escritorio,leon,nr,rctrl,rctrl,0.03338860106305219
235,1,0.46900877066582325,aguila,mono,wra,rctrl,rctrl,0.03338385185634252
236,1,0.4017273145036597,sobre,gato,nr,rctrl,rctrl,0.033244169298995985
237,1,0.466368490968307,cama,mono,nr,rctrl,rctrl,0.03335116613743594
238,1,0.42679027641861467,media,olla,wro,lctrl,rctrl,0.0333207153416879
239,1,0.69350825314541,pinza,mesa,wro,lctrl,rctrl,0.0333983788441401
240,1,0.5302732609889063,candado,cebra,nr,rctrl,rctrl,0.03334725502645597
241,1,0.42332503153375,bota,zapato,sro,lctrl,rctrl,0.03359142013869132
242,1,0.4686704595114861,bowl,caballo,nr,rctrl,rctrl,0.03339698201671126
243,1,0.5113999125569535,mariposa,vaso,nr,lctrl,rctrl,0.03339307090573129
244,1,0.4692861802286643,destornillador,tornillo,sro,lctrl,rctrl,0.03335898836303386
245,1,0.5481651997688459,avestruz,zapato,nr,lctrl,rctrl,0.03344028360879747
246,1,0.44630365032571717,silla,mesa,sro,lctrl,rctrl,0.03339698202034924
247,1,0.47827028295432683,elefante,mesa,nr,lctrl,rctrl,0.03340620106610004
248,1,0.4304591784712102,oveja,cabra,sra,rctrl,rctrl,0.03339362963743042
249,1,0.4078353533768677,pincel,pato,nr,rctrl,rctrl,0.033364855029503815
250,1,0.4864537252651644,gallina,olla,nr,lctrl,rctrl,0.03337966138133197
251,1,0.4582755629562598,puerta,mono,nr,rctrl,rctrl,0.03335563598011504
252,1,0.5254997492666007,martillo,clavo,sro,lctrl,rctrl,0.033407039161829744
253,0,0.5188910881115589,cuchara,cigarrillo,wro,rctrl,rctrl,0.03342575662463787
254,1,0.5147587193350773,conejo,clavo,nr,lctrl,rctrl,0.0333017185148492
255,1,0.4839243535170681,tuerca,gato,nr,rctrl,rctrl,0.033445591550844256
256,1,0.5193897548415407,jarra,cabra,nr,rctrl,rctrl,0.03340340741851833

LIKERT preobjetiva,2

ETAPA DE VISIBILIDAD
Num Trial,"Calidad respuesta (1:correcto, 0:error)",Tiempo Resp,Prime,Target,Categoria,Tecla presionada (vacio si no se presiono),Tecla para responder afirmativamente,Tiempo de aparicion del prime
-19,0,0,pavo,rueda,sro,,rctrl,0.10016831748362165
-18,0,0.8697421040960762,violin,mapache,sra,lctrl,rctrl,0.1001968127238797
-17,1,1.3257567651780846,hilo,serpiente,sra,rctrl,rctrl,0.10028928257452208
-16,0,0.8418500116604264,mapache,violin,sro,rctrl,rctrl,0.10013842541229678
-15,0,0.8973573456969461,carro,buho,sra,lctrl,rctrl,0.10019178415313945
-14,0,0.808871239223663,serpiente,hilo,sro,rctrl,rctrl,0.10009233017262886
-13,0,0.6550648196898692,carro,buho,sra,lctrl,rctrl,0.10019206351717003
-12,0,0.862451792057982,violin,mapache,sra,lctrl,rctrl,0.10017613970558159
-11,0,0.8473409329963033,serpiente,hilo,sro,rctrl,rctrl,0.10014401271837414
-10,0,0.9179169419585378,serpiente,hilo,sro,rctrl,rctrl,0.10019820954767056
-9,0,1.0882902715311502,carro,buho,sra,lctrl,rctrl,0.03337491217098432
-8,0,1.03919213196059,violin,mapache,sra,lctrl,rctrl,0.03339586456058896
-7,0,0.9081288264314935,buho,carro,sro,rctrl,rctrl,0.03342296297341818
-6,0,1.0638081096913083,serpiente,hilo,sro,rctrl,rctrl,0.033378264553903136
-5,0,0.8001810285932152,serpiente,hilo,sro,rctrl,rctrl,0.03340480424230918
-4,0,1.1772328606020892,carro,buho,sra,lctrl,rctrl,0.03337519153865287
-3,0,1.4827068803424481,hilo,pavo,sra,lctrl,rctrl,0.03333831534473575
-2,0,1.4182590245436586,buho,carro,sro,rctrl,rctrl,0.03351096298501943
-1,0,1.3605349283207033,hilo,serpiente,sra,lctrl,rctrl,0.033373794714862015
0,0,0.9998114285481279,pavo,rueda,sro,rctrl,rctrl,0.03338133757279138
1,1,0.9254201302101137,hormiga,pato,wra,rctrl,rctrl,0.033408156625228
2,0,1.1051530292279494,sobre,gato,nr,lctrl,rctrl,0.03340536297400831
3,1,1.0276895527240413,oveja,cabra,sra,rctrl,rctrl,0.03340340741488035
4,0,1.0324625057110097,conejo,clavo,nr,rctrl,rctrl,0.03341067090877914
5,1,0.9263146573066479,cuchillo,tenedor,sro,lctrl,rctrl,0.03336736931669293
6,1,1.2308488928065344,pipa,cigarrillo,sro,lctrl,rctrl,0.03334837248621625
7,1,0.9262124096749176,mosca,zorro,wra,rctrl,rctrl,0.033409832813049434
8,0,0.8752872222612496,llave,zapato,wro,rctrl,rctrl,0.03341681693927967
9,0,0.8036356576049002,taza,cabra,nr,lctrl,rctrl,0.03338133757279138
10,1,1.095110970807582,abeja,gato,wra,rctrl,rctrl,0.03333552169351606
11,0,1.0887858652422437,chancho,tornillo,nr,rctrl,rctrl,0.03340620106973802
12,1,1.1447605771136296,bota,zapato,sro,lctrl,rctrl,0.03304135022699484
13,0,1.5205304026058002,serrucho,caballo,nr,lctrl,rctrl,0.03338413122401107
14,0,1.1959475296425808,martillo,clavo,sro,rctrl,rctrl,0.03338217566488311
15,0,0.8785781433107331,canguro,mesa,nr,rctrl,rctrl,0.0333947470971907
16,0,0.9031946797731507,bowl,caballo,nr,lctrl,rctrl,0.0334028486868192
17,1,1.0186993039642402,perro,gato,sra,rctrl,rctrl,0.03336178201425355
18,1,1.0014432001808018,escritorio,leon,nr,rctrl,rctrl,0.0333813375691534
19,0,1.1073323564851307,destornillador,tornillo,sro,rctrl,rctrl,0.03340899471731973
20,0,0.9638875890668714,sombrero,tenedor,wro,rctrl,rctrl,0.03336513439353439
21,0,1.0659108909057977,tortuga,tornillo,nr,rctrl,rctrl,0.03339279154170072
22,1,1.1469088948433637,cocodrilo,cigarrillo,nr,lctrl,rctrl,0.033432740754506085
23,0,1.0158265924874286,tigre,leon,sra,lctrl,rctrl,0.03337630899841315
24,0,0.8599185091952677,lapiz,zorro,nr,lctrl,rctrl,0.03341122964047827
25,1,1.139669985990622,regla,clavo,wro,lctrl,rctrl,0.03335787090327358
26,1,1.2766494065581355,hacha,vaso,wro,lctrl,rctrl,0.033361502646584995
27,1,0.9588165534987638,arana,caballo,wra,rctrl,rctrl,0.03340396614657948
28,0,1.018453742028214,sarten,olla,sro,rctrl,rctrl,0.033370442331943195
29,0,0.8844065377015795,ardilla,vaso,nr,rctrl,rctrl,0.03338413122037309
30,1,0.8614089220827736,aguila,mono,wra,rctrl,rctrl,0.033377705825841986
31,1,0.9508457080410153,escarabajo,leon,wra,rctrl,rctrl,0.03341178836853942
32,0,1.0057705658146006,elefante,mesa,nr,rctrl,rctrl,0.033546162991115125
33,0,0.9332728042281815,jarra,cabra,nr,lctrl,rctrl,0.0334028486868192
34,0,1.0380475730853505,rinoceronte,tenedor,nr,rctrl,rctrl,0.03339111535024131
35,0,0.9727853679723921,mariposa,vaso,nr,rctrl,rctrl,0.03339418836549157
36,0,1.0055845086462796,ciervo,tenedor,nr,rctrl,rctrl,0.03340675979779917
37,1,1.0101987822490628,zorrino,zorro,sra,rctrl,rctrl,0.03338301376425079
38,0,0.9012449906331312,gallina,olla,nr,rctrl,rctrl,0.03342128678195877
39,1,0.9243208284824505,pincel,pato,nr,rctrl,rctrl,0.033421007417928195
40,1,1.049456844375527,pava,zorro,nr,rctrl,rctrl,0.03335144550510449
41,0,1.00858125823288,camello,zapato,nr,rctrl,rctrl,0.03340731852586032
42,0,1.0579425597388763,botella,vaso,sro,rctrl,rctrl,0.03340228995512007
43,1,1.064457912947546,peine,tornillo,wro,lctrl,rctrl,0.033422683609387605
44,0,0.9453986470361997,ventana,cebra,nr,lctrl,rctrl,0.033412626464269124
45,0,0.7574124644343101,copa,pato,nr,lctrl,rctrl,0.0333804994734237
46,0,0.9682828404183965,cisne,pato,sra,lctrl,rctrl,0.033379382017301396
47,1,1.066927221196238,burro,caballo,sra,rctrl,rctrl,0.03338413122401107
48,0,1.0009682794880064,media,olla,wro,rctrl,rctrl,0.033360943918523844
49,1,1.4517481970469817,sapo,cebra,wra,rctrl,rctrl,0.03336960423621349
50,0,1.11105322045114,tijera,leon,nr,lctrl,rctrl,0.03310588356907829
51,0,1.138371496934269,gallo,cigarrillo,nr,rctrl,rctrl,0.03332825819961727
52,0,0.8963845963662607,oso,olla,nr,rctrl,rctrl,0.033357032807543874
53,1,1.0500465841323603,pinza,mesa,wro,lctrl,rctrl,0.03338413122401107
54,0,0.7862532807921525,puerta,mono,nr,lctrl,rctrl,0.033352562964864774
55,0,0.9834115788471536,cama,mono,nr,lctrl,rctrl,0.03345816297951387
56,1,0.9516935811661824,pinguino,clavo,nr,lctrl,rctrl,0.033376588366081705
57,0,0.9790615846432047,tuerca,gato,nr,lctrl,rctrl,0.0333802201130311
58,1,0.8302010451043316,cuchara,cigarrillo,wro,lctrl,rctrl,0.033412067732569994
59,0,1.2216245360796165,silla,mesa,sro,rctrl,rctrl,0.033375750270352
60,0,0.8404579352973087,candado,cebra,nr,lctrl,rctrl,0.03338245503255166
61,1,0.9453891486227803,gorila,mono,sra,rctrl,rctrl,0.03343078519537812
62,1,0.943652615067549,raton,cabra,wra,rctrl,rctrl,0.03338413122401107
63,0,0.9049675307906,avestruz,zapato,nr,rctrl,rctrl,0.033405362970370334
64,1,0.9383960810664576,jirafa,cebra,sra,rctrl,rctrl,0.03340452487827861
65,0,0.744985745393933,sobre,gato,nr,lctrl,rctrl,0.033414302655728534
66,0,0.7945015358091041,pinguino,clavo,nr,rctrl,rctrl,0.03335842963133473
67,0,0.9193492469021294,mariposa,vaso,nr,rctrl,rctrl,0.03336066455449327
68,0,0.8271626701134664,canguro,mesa,nr,rctrl,rctrl,0.033381616936821956
69,1,0.7829872232359776,hormiga,pato,wra,rctrl,rctrl,0.03345508996426361
70,0,0.8762817620663554,jirafa,cebra,sra,lctrl,rctrl,0.03340564233803889
71,0,0.9565847055964696,ciervo,tenedor,nr,rctrl,rctrl,0.03338552804780193
72,0,1.041562824324501,pipa,cigarrillo,sro,rctrl,rctrl,0.033364296297804685
73,0,1.0863162776295212,cocodrilo,cigarrillo,nr,rctrl,rctrl,0.03340480424230918
74,1,0.9820116802548,oveja,cabra,sra,rctrl,rctrl,0.03336010582279414
75,0,1.0061770420543326,oso,olla,nr,rctrl,rctrl,0.03334362328314455
76,1,0.960328198136267,burro,caballo,sra,rctrl,rctrl,0.03320170580627746
77,1,1.1584173407500202,mosca,zorro,wra,rctrl,rctrl,0.03340759789352887
78,1,0.8195617040692014,media,olla,wro,lctrl,rctrl,0.033380499477061676
79,1,0.7105106933995557,pava,zorro,nr,rctrl,rctrl,0.03340033439963008
80,0,0.9778276289325731,puerta,mono,nr,lctrl,rctrl,0.03339418836912955
81,1,0.7966738789436931,perro,gato,sra,rctrl,rctrl,0.033387762970960466
82,0,0.9283956480503548,tortuga,tornillo,nr,rctrl,rctrl,0.033404804238671204
83,1,0.8010339302927605,escarabajo,leon,wra,rctrl,rctrl,0.03338413122401107
84,0,0.9186363071275991,chancho,tornillo,nr,rctrl,rctrl,0.03326288676180411
85,0,1.029698746631766,regla,clavo,wro,rctrl,rctrl,0.033383293128281366
86,0,0.8057496134279063,camello,zapato,nr,rctrl,rctrl,0.03341961059413734
87,0,0.7570733151842433,copa,pato,nr,lctrl,rctrl,0.03340564233803889
88,1,0.924687355516653,cuchara,cigarrillo,wro,lctrl,rctrl,0.03340787725755945
89,1,0.7397820114019851,serrucho,caballo,nr,rctrl,rctrl,0.033361502650222974
90,0,0.9513812509685522,sombrero,tenedor,wro,rctrl,rctrl,0.03336960423621349
91,0,0.9383734524926695,ardilla,vaso,nr,rctrl,rctrl,0.03339362963743042
92,1,1.0144579827901907,aguila,mono,wra,rctrl,rctrl,0.033473807423433755
93,1,0.8468506472199806,taza,cabra,nr,rctrl,rctrl,0.0333902772545116
94,1,0.8751712857338134,hacha,vaso,wro,lctrl,rctrl,0.03338468995207222
95,1,1.0882117699329683,peine,tornillo,wro,lctrl,rctrl,0.033371559791703476
96,1,1.0650767066763365,jarra,cabra,nr,rctrl,rctrl,0.03329557248071069
97,1,0.8516233208392805,gorila,mono,sra,rctrl,rctrl,0.033091356581280706
98,1,0.949210304661392,silla,mesa,sro,lctrl,rctrl,0.06523873844344052
99,0,1.0575877660412516,pincel,pato,nr,lctrl,rctrl,0.0333656931288715
100,1,0.8656549924635328,botella,vaso,sro,lctrl,rctrl,0.033214835966646206
101,0,1.0560691372775182,ventana,cebra,nr,lctrl,rctrl,0.033378264553903136
102,0,0.909067213848175,lapiz,zorro,nr,lctrl,rctrl,0.0333802201130311
103,0,1.0593885535745358,tigre,leon,sra,lctrl,rctrl,0.03340703916546772
104,0,1.2581613026268315,raton,cabra,wra,lctrl,rctrl,0.03337183915937203
105,1,0.9288342512809322,zorrino,zorro,sra,rctrl,rctrl,0.03334893121791538
106,1,1.1486993458674988,llave,zapato,wro,lctrl,rctrl,0.033379382017301396
107,0,1.023750225238473,bowl,caballo,nr,lctrl,rctrl,0.03334362328314455
108,1,0.8688330500081065,abeja,gato,wra,rctrl,rctrl,0.033352562964864774
109,1,0.9911670338005933,elefante,mesa,nr,lctrl,rctrl,0.03337407407889259
110,0,0.9729694695852231,tijera,leon,nr,lctrl,rctrl,0.03354141378440545
111,1,1.026686911325669,cuchillo,tenedor,sro,lctrl,rctrl,0.033422124877688475
112,1,1.0630415318119049,pinza,mesa,wro,lctrl,rctrl,0.03338468995207222
113,1,0.9928722784607089,bota,zapato,sro,lctrl,rctrl,0.033367089949024376
114,1,0.8120029221609002,gallo,cigarrillo,nr,lctrl,rctrl,0.03338524868377135
115,0,1.0105773219765979,rinoceronte,tenedor,nr,rctrl,rctrl,0.033309820104477694
116,1,1.137092563440092,arana,caballo,wra,rctrl,rctrl,0.033376588362443727
117,1,0.9083405851852149,sapo,cebra,wra,rctrl,rctrl,0.03338468995207222
118,1,0.9599116647514165,cisne,pato,sra,rctrl,rctrl,0.03340312805084977
119,1,1.0138118112809025,martillo,clavo,sro,lctrl,rctrl,0.03341458201975911
120,0,1.029801832355588,candado,cebra,nr,lctrl,rctrl,0.03328495660753106
121,0,1.1597946107649477,tuerca,gato,nr,lctrl,rctrl,0.03335284233253333
122,1,1.1991373205273703,gallina,olla,nr,lctrl,rctrl,0.033408156621590024
123,1,1.0269710256470717,conejo,clavo,nr,lctrl,rctrl,0.03335088677704334
124,1,1.0350633949274197,destornillador,tornillo,sro,lctrl,rctrl,0.03341374392766738
125,0,1.123084637853026,cama,mono,nr,lctrl,rctrl,0.03338077884473023
126,0,1.1676059387464193,sarten,olla,sro,rctrl,rctrl,0.033390556622180156
127,0,0.9988205204863334,avestruz,zapato,nr,rctrl,rctrl,0.033370442331943195
128,1,0.9121712396408839,escritorio,leon,nr,rctrl,rctrl,0.033376588366081705
LIKERT postobjetiva,2

LIKERT_SIMILITUD
sobre,gato,2
pinguino,clavo,2
mariposa,vaso,4
canguro,mesa,2
hormiga,pato,4
jirafa,cebra,6
ciervo,tenedor,4
pipa,cigarrillo,6
cocodrilo,cigarrillo,4
oveja,cabra,5
oso,olla,2
burro,caballo,7
mosca,zorro,4
media,olla,4
pava,zorro,2
puerta,mono,4
perro,gato,6
tortuga,tornillo,2
escarabajo,leon,5
chancho,tornillo,3
regla,clavo,6
camello,zapato,2
copa,pato,3
cuchara,cigarrillo,5
serrucho,caballo,3
sombrero,tenedor,4
ardilla,vaso,2
aguila,mono,4
taza,cabra,2
hacha,vaso,4
peine,tornillo,5
jarra,cabra,2
gorila,mono,7
silla,mesa,6
pincel,pato,3
botella,vaso,6
ventana,cebra,3
lapiz,zorro,3
tigre,leon,7
raton,cabra,4
zorrino,zorro,7
llave,zapato,5
bowl,caballo,5
abeja,gato,4
elefante,mesa,3
tijera,leon,5
cuchillo,tenedor,6
pinza,mesa,5
bota,zapato,7
gallo,cigarrillo,2
rinoceronte,tenedor,5
arana,caballo,4
sapo,cebra,4
cisne,pato,7
martillo,clavo,6
candado,cebra,2
tuerca,gato,3
gallina,olla,5
conejo,clavo,2
destornillador,tornillo,6
cama,mono,5
sarten,olla,7
avestruz,zapato,3
escritorio,leon,4
Tiempo Bloque 1,31.37618049221419
Tiempo Bloque 2,192.25071398739237
Tiempo Bloque 3,189.879473508503
Tiempo Bloque 4,195.24235035458696
Tiempo Bloque 5,192.66675066244352
Tiempo Bloque 6,36.54660326940939
Tiempo Bloque 7,37.378185495643265
Tiempo Bloque 8,228.3862057887236
Tiempo Bloque 9,226.19454288184716
Tiempo Total,2500.3415012243167
